date,next_open,next_close,diff,up_indicator
2014-12-15,345.21,331.49,-13.71999999999997,0
2014-12-16,331.49,320.02,-11.470000000000027,0
2014-12-17,320.02,310.96,-9.060000000000002,0
2014-12-18,310.96,317.7,6.740000000000009,1
2014-12-19,317.7,330.39,12.689999999999998,1
2014-12-20,330.39,322.21,-8.180000000000007,0
2014-12-21,322.21,330.86,8.650000000000034,1
2014-12-22,330.86,335.21,4.349999999999966,1
2014-12-23,335.21,322.22,-12.989999999999952,0
2014-12-24,322.22,319.04,-3.180000000000007,0
2014-12-25,319.04,329.59,10.549999999999955,1
2014-12-26,329.59,315.71,-13.879999999999995,0
2014-12-27,315.71,316.45,0.7400000000000091,1
2014-12-28,316.45,314.1,-2.349999999999966,0
2014-12-29,314.1,311.07,-3.0300000000000296,0
2014-12-30,311.07,318.78,7.7099999999999795,1
2014-12-31,318.78,314.95,-3.829999999999984,0
2015-01-01,314.95,315.03,0.07999999999998408,1
2015-01-02,315.03,287.18,-27.849999999999966,0
2015-01-03,287.18,264.66,-22.519999999999982,0
2015-01-04,264.66,274.23,9.569999999999993,1
2015-01-05,274.23,282.37,8.139999999999986,1
2015-01-06,282.37,292.13,9.759999999999991,1
2015-01-07,292.13,281.85,-10.279999999999973,0
2015-01-08,281.85,287.63,5.779999999999973,1
2015-01-09,287.63,271.93,-15.699999999999989,0
2015-01-10,271.93,266.25,-5.680000000000007,0
2015-01-11,266.25,268.87,2.6200000000000045,1
2015-01-12,268.87,221.38,-47.49000000000001,0
2015-01-13,221.38,165.07,-56.31,0
2015-01-14,165.07,209.7,44.629999999999995,1
2015-01-15,209.7,206.91,-2.789999999999992,0
2015-01-16,206.91,199.55,-7.359999999999985,0
2015-01-17,199.55,210.57,11.019999999999982,1
2015-01-18,210.57,215.65,5.0800000000000125,1
2015-01-19,215.65,210.43,-5.219999999999999,0
2015-01-20,210.43,228.31,17.879999999999995,1
2015-01-21,228.31,232.67,4.359999999999985,1
2015-01-22,232.67,232.4,-0.2699999999999818,0
2015-01-23,232.4,248.35,15.949999999999989,1
2015-01-24,248.35,252.46,4.110000000000014,1
2015-01-25,252.46,269.04,16.580000000000013,1
2015-01-26,269.04,263.37,-5.670000000000016,0
2015-01-27,263.37,236.36,-27.00999999999999,0
2015-01-28,236.36,233.89,-2.4700000000000273,0
2015-01-29,233.89,232.05,-1.839999999999975,0
2015-01-30,232.05,218.37,-13.680000000000007,0
2015-01-31,218.37,227.1,8.72999999999999,1
2015-02-01,227.1,238.32,11.219999999999999,1
2015-02-02,238.32,227.48,-10.840000000000003,0
2015-02-03,227.48,226.58,-0.8999999999999773,0
2015-02-04,226.58,216.32,-10.26000000000002,0
2015-02-05,216.32,223.38,7.060000000000002,1
2015-02-06,223.38,227.99,4.610000000000014,1
2015-02-07,227.99,223.95,-4.0400000000000205,0
2015-02-08,223.95,220.07,-3.8799999999999955,0
2015-02-09,220.07,219.73,-0.3400000000000034,0
2015-02-10,219.73,219.05,-0.6799999999999784,0
2015-02-11,219.05,221.91,2.859999999999985,1
2015-02-12,221.91,236.44,14.530000000000001,1
2015-02-13,236.44,258.86,22.420000000000016,1
2015-02-14,258.86,233.26,-25.600000000000023,0
2015-02-15,233.26,235.76,2.5,1
2015-02-16,235.76,243.51,7.75,1
2015-02-17,243.51,235.58,-7.929999999999978,0
2015-02-18,235.58,241.9,6.319999999999993,1
2015-02-19,241.9,243.92,2.019999999999982,1
2015-02-20,243.92,245.26,1.3400000000000034,1
2015-02-21,245.26,235.56,-9.699999999999989,0
2015-02-22,235.56,239.61,4.050000000000011,1
2015-02-23,239.61,238.99,-0.6200000000000045,0
2015-02-24,238.99,235.05,-3.9399999999999977,0
2015-02-25,235.05,236.5,1.4499999999999886,1
2015-02-26,236.5,253.32,16.819999999999993,1
2015-02-27,253.32,253.84,0.5200000000000102,1
2015-02-28,253.84,258.1,4.260000000000019,1
2015-03-01,258.1,273.39,15.289999999999964,1
2015-03-02,273.39,281.54,8.150000000000034,1
2015-03-03,281.54,272.44,-9.100000000000023,0
2015-03-04,272.44,275.27,2.829999999999984,1
2015-03-05,275.27,272.82,-2.4499999999999886,0
2015-03-06,272.82,274.81,1.990000000000009,1
2015-03-07,274.81,274.01,-0.8000000000000114,0
2015-03-08,274.01,290.51,16.5,1
2015-03-09,290.51,290.36,-0.14999999999997726,0
2015-03-10,290.36,295.51,5.149999999999977,1
2015-03-11,295.51,294.75,-0.7599999999999909,0
2015-03-12,294.75,286.98,-7.769999999999982,0
2015-03-13,286.98,281.99,-4.990000000000009,0
2015-03-14,281.99,285.23,3.240000000000009,1
2015-03-15,285.23,290.72,5.490000000000009,1
2015-03-16,290.72,285.73,-4.990000000000009,0
2015-03-17,285.73,256.23,-29.5,0
2015-03-18,256.23,261.3,5.069999999999993,1
2015-03-19,261.3,261.77,0.46999999999997044,1
2015-03-20,261.77,259.87,-1.8999999999999773,0
2015-03-21,259.87,268.66,8.79000000000002,1
2015-03-22,268.66,265.53,-3.1300000000000523,0
2015-03-23,265.53,246.7,-18.829999999999984,0
2015-03-24,246.7,246.74,0.040000000000020464,1
2015-03-25,246.74,248.09,1.3499999999999943,1
2015-03-26,248.09,247.37,-0.7199999999999989,0
2015-03-27,247.37,252.41,5.039999999999992,1
2015-03-28,252.41,242.32,-10.090000000000003,0
2015-03-29,242.32,247.16,4.840000000000003,1
2015-03-30,247.16,244.27,-2.8899999999999864,0
2015-03-31,244.27,246.76,2.4899999999999807,1
2015-04-01,246.76,252.98,6.219999999999999,1
2015-04-02,252.98,254.6,1.6200000000000045,1
2015-04-03,254.6,254.09,-0.5099999999999909,0
2015-04-04,254.09,259.79,5.700000000000017,1
2015-04-05,259.79,255.64,-4.150000000000034,0
2015-04-06,255.64,254.39,-1.25,0
2015-04-07,254.39,244.85,-9.539999999999992,0
2015-04-08,244.85,243.23,-1.6200000000000045,0
2015-04-09,243.23,234.77,-8.45999999999998,0
2015-04-10,234.77,236.9,2.1299999999999955,1
2015-04-11,236.9,236.03,-0.8700000000000045,0
2015-04-12,236.03,223.78,-12.25,0
2015-04-13,223.78,218.23,-5.550000000000011,0
2015-04-14,218.23,223.06,4.8300000000000125,1
2015-04-15,223.06,228.55,5.490000000000009,1
2015-04-16,228.55,222.79,-5.760000000000019,0
2015-04-17,222.79,223.64,0.8499999999999943,1
2015-04-18,223.64,223.24,-0.39999999999997726,0
2015-04-19,223.24,224.49,1.25,1
2015-04-20,224.49,233.95,9.45999999999998,1
2015-04-21,233.95,234.18,0.2300000000000182,1
2015-04-22,234.18,235.51,1.329999999999984,1
2015-04-23,235.51,231.52,-3.9899999999999807,0
2015-04-24,231.52,226.07,-5.450000000000017,0
2015-04-25,226.07,219.09,-6.97999999999999,0
2015-04-26,219.09,228.29,9.199999999999989,1
2015-04-27,228.29,225.22,-3.069999999999993,0
2015-04-28,225.22,225.32,0.09999999999999432,1
2015-04-29,225.32,236.05,10.730000000000018,1
2015-04-30,236.05,233.07,-2.980000000000018,0
2015-05-01,233.07,235.49,2.420000000000016,1
2015-05-02,235.49,240.17,4.679999999999978,1
2015-05-03,240.17,239.06,-1.1099999999999852,0
2015-05-04,239.06,236.03,-3.030000000000001,0
2015-05-05,236.03,229.94,-6.090000000000003,0
2015-05-06,229.94,237.87,7.930000000000007,1
2015-05-07,237.87,243.64,5.769999999999982,1
2015-05-08,243.64,241.36,-2.2799999999999727,0
2015-05-09,241.36,239.97,-1.3900000000000148,0
2015-05-10,239.97,242.31,2.3400000000000034,1
2015-05-11,242.31,241.82,-0.4900000000000091,0
2015-05-12,241.82,236.37,-5.449999999999989,0
2015-05-13,236.37,236.99,0.6200000000000045,1
2015-05-14,236.99,237.09,0.09999999999999432,1
2015-05-15,237.09,236.08,-1.009999999999991,0
2015-05-16,236.08,236.32,0.23999999999998067,1
2015-05-17,236.32,232.69,-3.6299999999999955,0
2015-05-18,232.69,232.01,-0.6800000000000068,0
2015-05-19,232.01,233.99,1.9800000000000182,1
2015-05-20,233.99,235.48,1.4899999999999807,1
2015-05-21,235.48,240.55,5.070000000000022,1
2015-05-22,240.55,238.76,-1.7900000000000205,0
2015-05-23,238.76,241.21,2.450000000000017,1
2015-05-24,241.21,237.66,-3.5500000000000114,0
2015-05-25,237.66,237.45,-0.21000000000000796,0
2015-05-26,237.45,237.37,-0.07999999999998408,0
2015-05-27,237.37,237.07,-0.30000000000001137,0
2015-05-28,237.07,236.91,-0.1599999999999966,0
2015-05-29,236.91,233.03,-3.8799999999999955,0
2015-05-30,233.03,229.8,-3.2299999999999898,0
2015-05-31,229.8,223.14,-6.660000000000025,0
2015-06-01,223.14,225.48,2.3400000000000034,1
2015-06-02,225.48,225.42,-0.060000000000002274,0
2015-06-03,225.42,224.0,-1.4199999999999875,0
2015-06-04,224.0,224.78,0.7800000000000011,1
2015-06-05,224.78,225.21,0.4300000000000068,1
2015-06-06,225.21,223.51,-1.700000000000017,0
2015-06-07,223.51,228.72,5.210000000000008,1
2015-06-08,228.72,229.61,0.8900000000000148,1
2015-06-09,229.61,229.25,-0.36000000000001364,0
2015-06-10,229.25,229.79,0.539999999999992,1
2015-06-11,229.79,230.25,0.46000000000000796,1
2015-06-12,230.25,232.39,2.1399999999999864,1
2015-06-13,232.39,233.83,1.4400000000000261,1
2015-06-14,233.83,237.09,3.259999999999991,1
2015-06-15,237.09,249.72,12.629999999999995,1
2015-06-16,249.72,247.71,-2.009999999999991,0
2015-06-17,247.71,248.73,1.0199999999999818,1
2015-06-18,248.73,245.22,-3.509999999999991,0
2015-06-19,245.22,244.95,-0.27000000000001023,0
2015-06-20,244.95,244.2,-0.75,0
2015-06-21,244.2,247.5,3.3000000000000114,1
2015-06-22,247.5,243.78,-3.719999999999999,0
2015-06-23,243.78,240.54,-3.240000000000009,0
2015-06-24,240.54,242.54,2.0,1
2015-06-25,242.54,243.14,0.5999999999999943,1
2015-06-26,243.14,250.94,7.800000000000011,1
2015-06-27,250.94,249.0,-1.9399999999999977,0
2015-06-28,249.0,257.06,8.060000000000002,1
2015-06-29,257.06,263.99,6.930000000000007,1
2015-06-30,263.99,257.37,-6.6200000000000045,0
2015-07-01,257.37,255.05,-2.319999999999993,0
2015-07-02,255.05,255.77,0.7199999999999989,1
2015-07-03,255.77,260.4,4.629999999999967,1
2015-07-04,260.4,269.82,9.420000000000016,1
2015-07-05,269.82,269.78,-0.040000000000020464,0
2015-07-06,269.78,266.5,-3.2799999999999727,0
2015-07-07,266.5,269.47,2.9700000000000273,1
2015-07-08,269.47,268.32,-1.150000000000034,0
2015-07-09,268.32,285.21,16.889999999999986,1
2015-07-10,285.21,292.11,6.900000000000034,1
2015-07-11,292.11,310.71,18.599999999999966,1
2015-07-12,310.71,290.35,-20.359999999999957,0
2015-07-13,290.35,287.18,-3.170000000000016,0
2015-07-14,287.18,283.37,-3.8100000000000023,0
2015-07-15,283.37,276.31,-7.060000000000002,0
2015-07-16,276.31,278.66,2.3500000000000227,1
2015-07-17,278.66,275.77,-2.890000000000043,0
2015-07-18,275.77,273.52,-2.25,0
2015-07-19,273.52,277.47,3.9500000000000455,1
2015-07-20,277.47,274.98,-2.490000000000009,0
2015-07-21,274.98,276.94,1.9599999999999795,1
2015-07-22,276.94,275.12,-1.8199999999999932,0
2015-07-23,275.12,289.06,13.939999999999998,1
2015-07-24,289.06,289.79,0.7300000000000182,1
2015-07-25,289.79,292.31,2.519999999999982,1
2015-07-26,292.31,293.73,1.420000000000016,1
2015-07-27,293.73,294.57,0.839999999999975,1
2015-07-28,294.57,288.44,-6.1299999999999955,0
2015-07-29,288.44,287.37,-1.0699999999999932,0
2015-07-30,287.37,284.28,-3.090000000000032,0
2015-07-31,284.28,280.96,-3.319999999999993,0
2015-08-01,280.96,281.66,0.7000000000000455,1
2015-08-02,281.66,281.36,-0.30000000000001137,0
2015-08-03,281.36,284.31,2.9499999999999886,1
2015-08-04,284.31,282.02,-2.2900000000000205,0
2015-08-05,282.02,278.53,-3.490000000000009,0
2015-08-06,278.53,276.93,-1.599999999999966,0
2015-08-07,276.93,259.24,-17.689999999999998,0
2015-08-08,259.24,263.93,4.689999999999998,1
2015-08-09,263.93,263.77,-0.160000000000025,0
2015-08-10,263.77,269.28,5.509999999999991,1
2015-08-11,269.28,266.37,-2.909999999999968,0
2015-08-12,266.37,262.55,-3.819999999999993,0
2015-08-13,262.55,265.24,2.6899999999999977,1
2015-08-14,265.24,260.69,-4.550000000000011,0
2015-08-15,260.69,257.52,-3.170000000000016,0
2015-08-16,257.52,257.35,-0.16999999999995907,0
2015-08-17,257.35,246.83,-10.52000000000001,0
2015-08-18,246.83,225.87,-20.960000000000008,0
2015-08-19,225.87,234.67,8.799999999999983,1
2015-08-20,234.67,232.67,-2.0,0
2015-08-21,232.67,229.47,-3.1999999999999886,0
2015-08-22,229.47,226.89,-2.5800000000000125,0
2015-08-23,226.89,211.58,-15.309999999999974,0
2015-08-24,211.58,220.36,8.780000000000001,1
2015-08-25,220.36,225.19,4.829999999999984,1
2015-08-26,225.19,221.97,-3.219999999999999,0
2015-08-27,221.97,231.67,9.699999999999989,1
2015-08-28,231.67,228.6,-3.069999999999993,0
2015-08-29,228.6,228.05,-0.549999999999983,0
2015-08-30,228.05,229.13,1.079999999999984,1
2015-08-31,229.13,226.84,-2.289999999999992,0
2015-09-01,226.84,228.67,1.829999999999984,1
2015-09-02,228.67,226.25,-2.4199999999999875,0
2015-09-03,226.25,230.66,4.409999999999997,1
2015-09-04,230.66,232.94,2.280000000000001,1
2015-09-05,232.94,240.28,7.340000000000003,1
2015-09-06,240.28,239.57,-0.710000000000008,0
2015-09-07,239.57,243.32,3.75,1
2015-09-08,243.32,237.24,-6.079999999999984,0
2015-09-09,237.24,238.21,0.9699999999999989,1
2015-09-10,238.21,240.18,1.9699999999999989,1
2015-09-11,240.18,235.63,-4.550000000000011,0
2015-09-12,235.63,230.03,-5.599999999999994,0
2015-09-13,230.03,230.21,0.18000000000000682,1
2015-09-14,230.21,230.07,-0.14000000000001478,0
2015-09-15,230.07,228.82,-1.25,0
2015-09-16,228.82,232.92,4.099999999999994,1
2015-09-17,232.92,232.49,-0.4299999999999784,0
2015-09-18,232.49,231.32,-1.170000000000016,0
2015-09-19,231.32,231.13,-0.18999999999999773,0
2015-09-20,231.13,226.63,-4.5,0
2015-09-21,226.63,229.62,2.990000000000009,1
2015-09-22,229.62,230.17,0.549999999999983,1
2015-09-23,230.17,234.85,4.680000000000007,1
2015-09-24,234.85,235.47,0.6200000000000045,1
2015-09-25,235.47,234.48,-0.9900000000000091,0
2015-09-26,234.48,233.03,-1.4499999999999886,0
2015-09-27,233.03,238.98,5.949999999999989,1
2015-09-28,238.98,236.89,-2.0900000000000034,0
2015-09-29,236.89,235.71,-1.1799999999999784,0
2015-09-30,235.71,237.05,1.3400000000000034,1
2015-10-01,237.05,236.45,-0.6000000000000227,0
2015-10-02,236.45,238.57,2.1200000000000045,1
2015-10-03,238.57,238.75,0.18000000000000682,1
2015-10-04,238.75,239.71,0.960000000000008,1
2015-10-05,239.71,245.92,6.2099999999999795,1
2015-10-06,245.92,242.94,-2.9799999999999898,0
2015-10-07,242.94,242.58,-0.3599999999999852,0
2015-10-08,242.58,244.42,1.839999999999975,1
2015-10-09,244.42,245.48,1.0600000000000023,1
2015-10-10,245.48,247.78,2.3000000000000114,1
2015-10-11,247.78,245.76,-2.0200000000000102,0
2015-10-12,245.76,249.47,3.710000000000008,1
2015-10-13,249.47,252.2,2.7299999999999898,1
2015-10-14,252.2,254.46,2.2600000000000193,1
2015-10-15,254.46,262.89,8.429999999999978,1
2015-10-16,262.89,269.78,6.889999999999986,1
2015-10-17,269.78,261.47,-8.309999999999945,0
2015-10-18,261.47,263.72,2.25,1
2015-10-19,263.72,270.02,6.2999999999999545,1
2015-10-20,270.02,267.1,-2.919999999999959,0
2015-10-21,267.1,274.97,7.8700000000000045,1
2015-10-22,274.97,276.38,1.4099999999999682,1
2015-10-23,276.38,282.72,6.340000000000032,1
2015-10-24,282.72,286.74,4.019999999999982,1
2015-10-25,286.74,284.62,-2.1200000000000045,0
2015-10-26,284.62,295.01,10.389999999999986,1
2015-10-27,295.01,304.07,9.060000000000002,1
2015-10-28,304.07,312.67,8.600000000000023,1
2015-10-29,312.67,327.6,14.930000000000007,1
2015-10-30,327.6,311.68,-15.920000000000016,0
2015-10-31,311.68,325.84,14.159999999999968,1
2015-11-01,325.84,360.87,35.03000000000003,1
2015-11-02,360.87,395.57,34.69999999999999,1
2015-11-03,395.57,400.34,4.769999999999982,1
2015-11-04,400.34,383.01,-17.329999999999984,0
2015-11-05,383.01,370.22,-12.789999999999964,0
2015-11-06,370.22,385.12,14.899999999999977,1
2015-11-07,385.12,371.38,-13.740000000000009,0
2015-11-08,371.38,380.33,8.949999999999989,1
2015-11-09,380.33,336.94,-43.389999999999986,0
2015-11-10,336.94,304.24,-32.69999999999999,0
2015-11-11,304.24,334.11,29.870000000000005,1
2015-11-12,334.11,333.87,-0.2400000000000091,0
2015-11-13,333.87,331.76,-2.1100000000000136,0
2015-11-14,331.76,317.77,-13.990000000000009,0
2015-11-15,317.77,330.36,12.590000000000032,1
2015-11-16,330.36,333.83,3.4699999999999704,1
2015-11-17,333.83,335.59,1.759999999999991,1
2015-11-18,335.59,325.19,-10.399999999999977,0
2015-11-19,325.19,321.13,-4.060000000000002,0
2015-11-20,321.13,324.65,3.519999999999982,1
2015-11-21,324.65,323.06,-1.589999999999975,0
2015-11-22,323.06,322.44,-0.6200000000000045,0
2015-11-23,322.44,318.38,-4.060000000000002,0
2015-11-24,318.38,327.5,9.120000000000005,1
2015-11-25,327.5,353.61,26.110000000000014,1
2015-11-26,353.61,359.71,6.099999999999966,1
2015-11-27,359.71,355.85,-3.859999999999957,0
2015-11-28,355.85,371.03,15.17999999999995,1
2015-11-29,371.03,378.03,7.0,1
2015-11-30,378.03,362.03,-16.0,0
2015-12-01,362.03,360.27,-1.759999999999991,0
2015-12-02,360.27,360.36,0.09000000000003183,1
2015-12-03,360.36,361.79,1.4300000000000068,1
2015-12-04,361.79,386.13,24.339999999999975,1
2015-12-05,386.13,393.71,7.579999999999984,1
2015-12-06,393.71,394.75,1.0400000000000205,1
2015-12-07,394.75,410.4,15.649999999999977,1
2015-12-08,410.4,416.54,6.140000000000043,1
2015-12-09,416.54,415.87,-0.6700000000000159,0
2015-12-10,415.87,450.33,34.45999999999998,1
2015-12-11,450.33,433.12,-17.20999999999998,0
2015-12-12,433.12,434.93,1.8100000000000023,1
2015-12-13,434.93,442.32,7.389999999999986,1
2015-12-14,442.32,463.6,21.28000000000003,1
2015-12-15,463.6,453.39,-10.210000000000036,0
2015-12-16,453.39,453.38,-0.009999999999990905,0
2015-12-17,453.38,463.87,10.490000000000009,1
2015-12-18,463.87,462.02,-1.8500000000000227,0
2015-12-19,462.02,442.07,-19.94999999999999,0
2015-12-20,442.07,437.54,-4.529999999999973,0
2015-12-21,437.54,436.5,-1.0400000000000205,0
2015-12-22,436.5,442.41,5.910000000000025,1
2015-12-23,442.41,452.79,10.379999999999995,1
2015-12-24,452.79,454.24,1.4499999999999886,1
2015-12-25,454.24,415.81,-38.43000000000001,0
2015-12-26,415.81,422.37,6.560000000000002,1
2015-12-27,422.37,421.87,-0.5,0
2015-12-28,421.87,432.09,10.21999999999997,1
2015-12-29,432.09,427.32,-4.769999999999982,0
2015-12-30,427.32,430.08,2.759999999999991,1
2015-12-31,430.08,434.25,4.170000000000016,1
2016-01-01,434.25,433.48,-0.7699999999999818,0
2016-01-02,433.48,431.08,-2.400000000000034,0
2016-01-03,431.08,433.33,2.25,1
2016-01-04,433.33,431.36,-1.9699999999999704,0
2016-01-05,431.36,430.71,-0.6500000000000341,0
2016-01-06,430.71,457.62,26.910000000000025,1
2016-01-07,457.62,452.84,-4.78000000000003,0
2016-01-08,452.84,449.11,-3.7299999999999613,0
2016-01-09,449.11,446.52,-2.590000000000032,0
2016-01-10,446.52,447.74,1.2200000000000273,1
2016-01-11,447.74,445.18,-2.5600000000000023,0
2016-01-12,445.18,432.22,-12.95999999999998,0
2016-01-13,432.22,429.22,-3.0,0
2016-01-14,429.22,372.18,-57.04000000000002,0
2016-01-15,372.18,385.18,13.0,1
2016-01-16,385.18,382.34,-2.840000000000032,0
2016-01-17,382.34,384.28,1.9399999999999977,1
2016-01-18,384.28,378.84,-5.439999999999998,0
2016-01-19,378.84,414.0,35.160000000000025,1
2016-01-20,414.0,410.2,-3.8000000000000114,0
2016-01-21,410.2,382.14,-28.060000000000002,0
2016-01-22,382.14,388.55,6.410000000000025,1
2016-01-23,388.55,402.29,13.740000000000009,1
2016-01-24,402.29,392.75,-9.54000000000002,0
2016-01-25,392.75,389.67,-3.079999999999984,0
2016-01-26,389.67,395.08,5.409999999999968,1
2016-01-27,395.08,379.87,-15.20999999999998,0
2016-01-28,379.87,380.12,0.25,1
2016-01-29,380.12,377.85,-2.269999999999982,0
2016-01-30,377.85,369.67,-8.180000000000007,0
2016-01-31,369.67,371.71,2.0399999999999636,1
2016-02-01,371.71,373.58,1.8700000000000045,1
2016-02-02,373.58,367.98,-5.599999999999966,0
2016-02-03,367.98,390.59,22.609999999999957,1
2016-02-04,390.59,386.18,-4.409999999999968,0
2016-02-05,386.18,376.62,-9.560000000000002,0
2016-02-06,376.62,377.87,1.25,1
2016-02-07,377.87,372.24,-5.6299999999999955,0
2016-02-08,372.24,375.4,3.159999999999968,1
2016-02-09,375.4,381.02,5.6200000000000045,1
2016-02-10,381.02,379.23,-1.7899999999999636,0
2016-02-11,379.23,383.45,4.21999999999997,1
2016-02-12,383.45,390.02,6.569999999999993,1
2016-02-13,390.02,405.9,15.879999999999995,1
2016-02-14,405.9,400.46,-5.439999999999998,0
2016-02-15,400.46,406.19,5.730000000000018,1
2016-02-16,406.19,417.51,11.319999999999993,1
2016-02-17,417.51,420.99,3.480000000000018,1
2016-02-18,420.99,420.25,-0.7400000000000091,0
2016-02-19,420.25,439.52,19.269999999999982,1
2016-02-20,439.52,437.62,-1.8999999999999773,0
2016-02-21,437.62,437.56,-0.060000000000002274,0
2016-02-22,437.56,420.27,-17.29000000000002,0
2016-02-23,420.27,422.6,2.330000000000041,1
2016-02-24,422.6,423.42,0.8199999999999932,1
2016-02-25,423.42,427.25,3.829999999999984,1
2016-02-26,427.25,431.86,4.610000000000014,1
2016-02-27,431.86,432.55,0.6899999999999977,1
2016-02-28,432.55,436.14,3.589999999999975,1
2016-02-29,436.14,433.06,-3.079999999999984,0
2016-03-01,433.06,425.06,-8.0,0
2016-03-02,425.06,419.44,-5.6200000000000045,0
2016-03-03,419.44,409.24,-10.199999999999989,0
2016-03-04,409.24,399.33,-9.910000000000025,0
2016-03-05,399.33,405.92,6.590000000000032,1
2016-03-06,405.92,414.88,8.95999999999998,1
2016-03-07,414.88,411.98,-2.8999999999999773,0
2016-03-08,411.98,412.75,0.7699999999999818,1
2016-03-09,412.75,415.65,2.8999999999999773,1
2016-03-10,415.65,419.05,3.400000000000034,1
2016-03-11,419.05,410.31,-8.740000000000009,0
2016-03-12,410.31,412.43,2.1200000000000045,1
2016-03-13,412.43,414.17,1.740000000000009,1
2016-03-14,414.17,414.81,0.6399999999999864,1
2016-03-15,414.81,415.74,0.9300000000000068,1
2016-03-16,415.74,418.2,2.4599999999999795,1
2016-03-17,418.2,408.24,-9.95999999999998,0
2016-03-18,408.24,407.86,-0.37999999999999545,0
2016-03-19,407.86,411.68,3.819999999999993,1
2016-03-20,411.68,411.08,-0.6000000000000227,0
2016-03-21,411.08,415.99,4.910000000000025,1
2016-03-22,415.99,416.82,0.8299999999999841,1
2016-03-23,416.82,414.36,-2.4599999999999795,0
2016-03-24,414.36,415.53,1.169999999999959,1
2016-03-25,415.53,416.52,0.9900000000000091,1
2016-03-26,416.52,424.71,8.189999999999998,1
2016-03-27,424.71,422.14,-2.569999999999993,0
2016-03-28,422.14,414.99,-7.149999999999977,0
2016-03-29,414.99,412.06,-2.930000000000007,0
2016-03-30,412.06,415.51,3.4499999999999886,1
2016-03-31,415.51,416.24,0.7300000000000182,1
2016-04-01,416.24,419.56,3.319999999999993,1
2016-04-02,419.56,419.31,-0.25,0
2016-04-03,419.31,419.21,-0.10000000000002274,0
2016-04-04,419.21,422.21,3.0,1
2016-04-05,422.21,421.59,-0.6200000000000045,0
2016-04-06,421.59,420.09,-1.5,0
2016-04-07,420.09,417.43,-2.659999999999968,0
2016-04-08,417.43,418.26,0.8299999999999841,1
2016-04-09,418.26,420.87,2.6100000000000136,1
2016-04-10,420.87,422.0,1.1299999999999955,1
2016-04-11,422.0,423.22,1.2200000000000273,1
2016-04-12,423.22,423.84,0.6199999999999477,1
2016-04-13,423.84,424.93,1.0900000000000318,1
2016-04-14,424.93,429.23,4.300000000000011,1
2016-04-15,429.23,429.51,0.2799999999999727,1
2016-04-16,429.51,426.19,-3.319999999999993,0
2016-04-17,426.19,428.45,2.259999999999991,1
2016-04-18,428.45,435.12,6.670000000000016,1
2016-04-19,435.12,441.42,6.300000000000011,1
2016-04-20,441.42,450.82,9.399999999999977,1
2016-04-21,450.82,443.76,-7.060000000000002,0
2016-04-22,443.76,449.17,5.410000000000025,1
2016-04-23,449.17,453.1,3.930000000000007,1
2016-04-24,453.1,462.32,9.21999999999997,1
2016-04-25,462.32,466.57,4.25,1
2016-04-26,466.57,446.99,-19.579999999999984,0
2016-04-27,446.99,448.87,1.8799999999999955,1
2016-04-28,448.87,455.36,6.490000000000009,1
2016-04-29,455.36,448.23,-7.1299999999999955,0
2016-04-30,448.23,453.08,4.849999999999966,1
2016-05-01,453.08,444.45,-8.629999999999995,0
2016-05-02,444.45,449.88,5.430000000000007,1
2016-05-03,449.88,446.62,-3.259999999999991,0
2016-05-04,446.62,448.34,1.7199999999999704,1
2016-05-05,448.34,459.45,11.110000000000014,1
2016-05-06,459.45,459.16,-0.2899999999999636,0
2016-05-07,459.16,457.34,-1.82000000000005,0
2016-05-08,457.34,460.31,2.9700000000000273,1
2016-05-09,460.31,448.85,-11.45999999999998,0
2016-05-10,448.85,451.91,3.0600000000000023,1
2016-05-11,451.91,454.61,2.6999999999999886,1
2016-05-12,454.61,455.69,1.079999999999984,1
2016-05-13,455.69,456.75,1.0600000000000023,1
2016-05-14,456.75,458.97,2.2200000000000273,1
2016-05-15,458.97,455.37,-3.6000000000000227,0
2016-05-16,455.37,453.35,-2.019999999999982,0
2016-05-17,453.35,453.98,0.6299999999999955,1
2016-05-18,453.98,442.08,-11.900000000000034,0
2016-05-19,442.08,441.87,-0.20999999999997954,0
2016-05-20,441.87,443.95,2.079999999999984,1
2016-05-21,443.95,439.01,-4.939999999999998,0
2016-05-22,439.01,443.95,4.939999999999998,1
2016-05-23,443.95,445.92,1.9700000000000273,1
2016-05-24,445.92,450.2,4.279999999999973,1
2016-05-25,450.2,453.86,3.660000000000025,1
2016-05-26,453.86,472.1,18.24000000000001,1
2016-05-27,472.1,526.68,54.57999999999993,1
2016-05-28,526.68,515.67,-11.009999999999991,0
2016-05-29,515.67,531.64,15.970000000000027,1
2016-05-30,531.64,527.84,-3.7999999999999545,0
2016-05-31,527.84,537.86,10.019999999999982,1
2016-06-01,537.86,536.44,-1.419999999999959,0
2016-06-02,536.44,568.07,31.629999999999995,1
2016-06-03,568.07,572.89,4.819999999999936,1
2016-06-04,572.89,575.93,3.0399999999999636,1
2016-06-05,575.93,584.69,8.760000000000105,1
2016-06-06,584.69,577.67,-7.0200000000000955,0
2016-06-07,577.67,581.14,3.4700000000000273,1
2016-06-08,581.14,575.97,-5.169999999999959,0
2016-06-09,575.97,578.89,2.919999999999959,1
2016-06-10,578.89,590.58,11.690000000000055,1
2016-06-11,590.58,667.25,76.66999999999996,1
2016-06-12,667.25,699.76,32.50999999999999,1
2016-06-13,699.76,685.33,-14.42999999999995,0
2016-06-14,685.33,692.69,7.360000000000014,1
2016-06-15,692.69,762.17,69.4799999999999,1
2016-06-16,762.17,749.64,-12.529999999999973,0
2016-06-17,749.64,756.22,6.580000000000041,1
2016-06-18,756.22,763.9,7.67999999999995,1
2016-06-19,763.9,734.39,-29.50999999999999,0
2016-06-20,734.39,668.46,-65.92999999999995,0
2016-06-21,668.46,590.27,-78.19000000000005,0
2016-06-22,590.27,622.24,31.970000000000027,1
2016-06-23,622.24,653.4,31.159999999999968,1
2016-06-24,653.4,665.92,12.519999999999982,1
2016-06-25,665.92,627.7,-38.219999999999914,0
2016-06-26,627.7,646.25,18.549999999999955,1
2016-06-27,646.25,646.13,-0.12000000000000455,0
2016-06-28,646.13,637.21,-8.919999999999959,0
2016-06-29,637.21,669.78,32.569999999999936,1
2016-06-30,669.78,671.24,1.4600000000000364,1
2016-07-01,671.24,697.48,26.24000000000001,1
2016-07-02,697.48,662.72,-34.75999999999999,0
2016-07-03,662.72,676.45,13.730000000000018,1
2016-07-04,676.45,665.32,-11.129999999999995,0
2016-07-05,665.32,673.84,8.519999999999982,1
2016-07-06,673.84,634.81,-39.030000000000086,0
2016-07-07,634.81,663.73,28.920000000000073,1
2016-07-08,663.73,653.11,-10.620000000000005,0
2016-07-09,653.11,649.15,-3.9600000000000364,0
2016-07-10,649.15,646.93,-2.2200000000000273,0
2016-07-11,646.93,671.18,24.25,1
2016-07-12,671.18,660.82,-10.3599999999999,0
2016-07-13,660.82,659.12,-1.7000000000000455,0
2016-07-14,659.12,664.82,5.7000000000000455,1
2016-07-15,664.82,660.72,-4.100000000000023,0
2016-07-16,660.72,676.19,15.470000000000027,1
2016-07-17,676.19,670.32,-5.8700000000000045,0
2016-07-18,670.32,672.35,2.0299999999999727,1
2016-07-19,672.35,664.23,-8.120000000000005,0
2016-07-20,664.23,666.31,2.0799999999999272,1
2016-07-21,666.31,650.84,-15.469999999999914,0
2016-07-22,650.84,653.72,2.8799999999999955,1
2016-07-23,653.72,659.59,5.8700000000000045,1
2016-07-24,659.59,654.17,-5.420000000000073,0
2016-07-25,654.17,655.07,0.900000000000091,1
2016-07-26,655.07,655.13,0.05999999999994543,1
2016-07-27,655.13,655.23,0.10000000000002274,1
2016-07-28,655.23,654.83,-0.39999999999997726,0
2016-07-29,654.83,652.25,-2.580000000000041,0
2016-07-30,652.25,621.85,-30.399999999999977,0
2016-07-31,621.85,606.62,-15.230000000000018,0
2016-08-01,606.62,513.32,-93.29999999999995,0
2016-08-02,513.32,568.25,54.92999999999995,1
2016-08-03,568.25,578.06,9.809999999999945,1
2016-08-04,578.06,573.05,-5.009999999999991,0
2016-08-05,573.05,586.27,13.220000000000027,1
2016-08-06,586.27,592.13,5.860000000000014,1
2016-08-07,592.13,588.64,-3.490000000000009,0
2016-08-08,588.64,585.01,-3.6299999999999955,0
2016-08-09,585.01,590.36,5.350000000000023,1
2016-08-10,590.36,587.59,-2.769999999999982,0
2016-08-11,587.59,587.92,0.32999999999992724,1
2016-08-12,587.92,584.85,-3.0699999999999363,0
2016-08-13,584.85,571.24,-13.610000000000014,0
2016-08-14,571.24,567.85,-3.3899999999999864,0
2016-08-15,567.85,580.55,12.699999999999932,1
2016-08-16,580.55,572.61,-7.939999999999941,0
2016-08-17,572.61,573.35,0.7400000000000091,1
2016-08-18,573.35,574.95,1.6000000000000227,1
2016-08-19,574.95,581.84,6.889999999999986,1
2016-08-20,581.84,581.46,-0.37999999999999545,0
2016-08-21,581.46,587.36,5.899999999999977,1
2016-08-22,587.36,583.97,-3.3899999999999864,0
2016-08-23,583.97,579.15,-4.82000000000005,0
2016-08-24,579.15,577.43,-1.7200000000000273,0
2016-08-25,577.43,580.11,2.6800000000000637,1
2016-08-26,580.11,570.66,-9.450000000000045,0
2016-08-27,570.66,574.71,4.050000000000068,1
2016-08-28,574.71,573.84,-0.8700000000000045,0
2016-08-29,573.84,577.0,3.159999999999968,1
2016-08-30,577.0,573.89,-3.1100000000000136,0
2016-08-31,573.89,572.01,-1.8799999999999955,0
2016-09-01,572.01,575.08,3.07000000000005,1
2016-09-02,575.08,599.81,24.729999999999905,1
2016-09-03,599.81,609.94,10.13000000000011,1
2016-09-04,609.94,606.32,-3.6200000000000045,0
2016-09-05,606.32,610.89,4.569999999999936,1
2016-09-06,610.89,613.45,2.560000000000059,1
2016-09-07,613.45,626.53,13.079999999999927,1
2016-09-08,626.53,623.65,-2.8799999999999955,0
2016-09-09,623.65,625.72,2.07000000000005,1
2016-09-10,625.72,607.05,-18.670000000000073,0
2016-09-11,607.05,608.26,1.2100000000000364,1
2016-09-12,608.26,609.41,1.1499999999999773,1
2016-09-13,609.41,609.68,0.2699999999999818,1
2016-09-14,609.68,608.18,-1.5,0
2016-09-15,608.18,608.58,0.40000000000009095,1
2016-09-16,608.58,606.91,-1.6700000000000728,0
2016-09-17,606.91,611.94,5.030000000000086,1
2016-09-18,611.94,609.17,-2.7700000000000955,0
2016-09-19,609.17,609.37,0.20000000000004547,1
2016-09-20,609.37,597.65,-11.720000000000027,0
2016-09-21,597.65,595.96,-1.6899999999999409,0
2016-09-22,595.96,603.32,7.360000000000014,1
2016-09-23,603.32,603.91,0.5899999999999181,1
2016-09-24,603.91,600.25,-3.659999999999968,0
2016-09-25,600.25,607.14,6.889999999999986,1
2016-09-26,607.14,605.26,-1.8799999999999955,0
2016-09-27,605.26,605.07,-0.18999999999994088,0
2016-09-28,605.07,605.21,0.13999999999998636,1
2016-09-29,605.21,608.03,2.8199999999999363,1
2016-09-30,608.03,615.44,7.410000000000082,1
2016-10-01,615.44,611.07,-4.3700000000000045,0
2016-10-02,611.07,612.22,1.1499999999999773,1
2016-10-03,612.22,609.52,-2.7000000000000455,0
2016-10-04,609.52,611.76,2.240000000000009,1
2016-10-05,611.76,610.7,-1.0599999999999454,0
2016-10-06,610.7,616.76,6.059999999999945,1
2016-10-07,616.76,618.39,1.6299999999999955,1
2016-10-08,618.39,616.15,-2.240000000000009,0
2016-10-09,616.15,617.48,1.330000000000041,1
2016-10-10,617.48,641.3,23.819999999999936,1
2016-10-11,641.3,635.96,-5.339999999999918,0
2016-10-12,635.96,634.89,-1.07000000000005,0
2016-10-13,634.89,636.98,2.090000000000032,1
2016-10-14,636.98,637.21,0.2300000000000182,1
2016-10-15,637.21,640.6,3.3899999999999864,1
2016-10-16,640.6,637.23,-3.3700000000000045,0
2016-10-17,637.23,635.63,-1.6000000000000227,0
2016-10-18,635.63,629.08,-6.5499999999999545,0
2016-10-19,629.08,628.81,-0.2700000000000955,0
2016-10-20,628.81,630.32,1.5100000000001046,1
2016-10-21,630.32,656.46,26.139999999999986,1
2016-10-22,656.46,653.39,-3.07000000000005,0
2016-10-23,653.39,650.79,-2.6000000000000227,0
2016-10-24,650.79,650.96,0.17000000000007276,1
2016-10-25,650.96,675.87,24.909999999999968,1
2016-10-26,675.87,682.73,6.860000000000014,1
2016-10-27,682.73,687.66,4.92999999999995,1
2016-10-28,687.66,716.35,28.690000000000055,1
2016-10-29,716.35,697.19,-19.159999999999968,0
2016-10-30,697.19,699.13,1.9399999999999409,1
2016-10-31,699.13,726.56,27.42999999999995,1
2016-11-01,726.56,733.24,6.680000000000064,1
2016-11-02,733.24,684.75,-48.49000000000001,0
2016-11-03,684.75,701.79,17.039999999999964,1
2016-11-04,701.79,703.94,2.150000000000091,1
2016-11-05,703.94,710.1,6.159999999999968,1
2016-11-06,710.1,706.35,-3.75,0
2016-11-07,706.35,711.72,5.3700000000000045,1
2016-11-08,711.72,722.03,10.309999999999945,1
2016-11-09,722.03,715.74,-6.289999999999964,0
2016-11-10,715.74,714.67,-1.07000000000005,0
2016-11-11,714.67,703.63,-11.039999999999964,0
2016-11-12,703.63,702.54,-1.0900000000000318,0
2016-11-13,702.54,703.9,1.3600000000000136,1
2016-11-14,703.9,711.68,7.779999999999973,1
2016-11-15,711.68,740.25,28.57000000000005,1
2016-11-16,740.25,737.58,-2.669999999999959,0
2016-11-17,737.58,747.53,9.949999999999932,1
2016-11-18,747.53,748.35,0.82000000000005,1
2016-11-19,748.35,728.84,-19.50999999999999,0
2016-11-20,728.84,735.68,6.839999999999918,1
2016-11-21,735.68,749.72,14.040000000000077,1
2016-11-22,749.72,741.22,-8.5,0
2016-11-23,741.22,734.25,-6.970000000000027,0
2016-11-24,734.25,739.01,4.759999999999991,1
2016-11-25,739.01,734.65,-4.360000000000014,0
2016-11-26,734.65,729.62,-5.029999999999973,0
2016-11-27,729.62,733.23,3.6100000000000136,1
2016-11-28,733.23,732.27,-0.9600000000000364,0
2016-11-29,732.27,742.5,10.230000000000018,1
2016-11-30,742.5,752.9,10.399999999999977,1
2016-12-01,752.9,772.09,19.190000000000055,1
2016-12-02,772.09,765.16,-6.930000000000064,0
2016-12-03,765.16,767.47,2.310000000000059,1
2016-12-04,767.47,754.57,-12.899999999999977,0
2016-12-05,754.57,759.06,4.489999999999895,1
2016-12-06,759.06,765.44,6.380000000000109,1
2016-12-07,765.44,768.58,3.1399999999999864,1
2016-12-08,768.58,770.56,1.9799999999999045,1
2016-12-09,770.56,775.26,4.7000000000000455,1
2016-12-10,775.26,768.53,-6.730000000000018,0
2016-12-11,768.53,777.88,9.350000000000023,1
2016-12-12,777.88,778.96,1.080000000000041,1
2016-12-13,778.96,777.16,-1.8000000000000682,0
2016-12-14,777.16,774.7,-2.4599999999999227,0
2016-12-15,774.7,782.98,8.279999999999973,1
2016-12-16,782.98,788.8,5.819999999999936,1
2016-12-17,788.8,786.85,-1.9499999999999318,0
2016-12-18,786.85,789.21,2.3600000000000136,1
2016-12-19,789.21,799.68,10.469999999999914,1
2016-12-20,799.68,831.42,31.74000000000001,1
2016-12-21,831.42,858.48,27.06000000000006,1
2016-12-22,858.48,909.46,50.98000000000002,1
2016-12-23,909.46,893.03,-16.430000000000064,0
2016-12-24,893.03,892.44,-0.5899999999999181,0
2016-12-25,892.44,895.84,3.3999999999999773,1
2016-12-26,895.84,925.95,30.110000000000014,1
2016-12-27,925.95,975.35,49.39999999999998,1
2016-12-28,975.35,971.58,-3.769999999999982,0
2016-12-29,971.58,961.24,-10.340000000000032,0
2016-12-30,961.24,965.31,4.069999999999936,1
2016-12-31,965.31,998.2,32.8900000000001,1
2017-01-01,998.2,1020.56,22.3599999999999,1
2017-01-02,1020.56,1035.27,14.710000000000036,1
2017-01-03,1035.27,1135.99,100.72000000000003,1
2017-01-04,1135.99,991.61,-144.38,0
2017-01-05,991.61,892.13,-99.48000000000002,0
2017-01-06,892.13,892.03,-0.10000000000002274,0
2017-01-07,892.03,904.93,12.899999999999977,1
2017-01-08,904.93,901.43,-3.5,0
2017-01-09,901.43,905.93,4.5,1
2017-01-10,905.93,786.05,-119.88,0
2017-01-11,786.05,811.48,25.430000000000064,1
2017-01-12,811.48,826.23,14.75,1
2017-01-13,826.23,820.18,-6.050000000000068,0
2017-01-14,820.18,821.73,1.5500000000000682,1
2017-01-15,821.73,826.29,4.559999999999945,1
2017-01-16,826.29,903.34,77.05000000000007,1
2017-01-17,903.34,874.55,-28.790000000000077,0
2017-01-18,874.55,894.8,20.25,1
2017-01-19,894.8,893.71,-1.0899999999999181,0
2017-01-20,893.71,919.97,26.25999999999999,1
2017-01-21,919.97,919.65,-0.32000000000005,0
2017-01-22,919.65,923.63,3.980000000000018,1
2017-01-23,923.63,892.99,-30.639999999999986,0
2017-01-24,892.99,893.0,0.009999999999990905,1
2017-01-25,893.0,917.48,24.480000000000018,1
2017-01-26,917.48,920.18,2.699999999999932,1
2017-01-27,920.18,919.54,-0.6399999999999864,0
2017-01-28,919.54,915.1,-4.439999999999941,0
2017-01-29,915.1,920.54,5.439999999999941,1
2017-01-30,920.54,965.69,45.15000000000009,1
2017-01-31,965.69,983.34,17.649999999999977,1
2017-02-01,983.34,1003.32,19.980000000000018,1
2017-02-02,1003.32,1015.15,11.829999999999927,1
2017-02-03,1015.15,1037.61,22.459999999999923,1
2017-02-04,1037.61,1015.08,-22.52999999999986,0
2017-02-05,1015.08,1024.29,9.209999999999923,1
2017-02-06,1024.29,1054.35,30.059999999999945,1
2017-02-07,1054.35,1057.53,3.1800000000000637,1
2017-02-08,1057.53,980.85,-76.67999999999995,0
2017-02-09,980.85,998.24,17.389999999999986,1
2017-02-10,998.24,1006.59,8.350000000000023,1
2017-02-11,1006.59,999.83,-6.759999999999991,0
2017-02-12,999.83,995.47,-4.360000000000014,0
2017-02-13,995.47,1010.11,14.639999999999986,1
2017-02-14,1010.11,1009.79,-0.32000000000005,0
2017-02-15,1009.79,1033.41,23.62000000000012,1
2017-02-16,1033.41,1051.98,18.569999999999936,1
2017-02-17,1051.98,1053.55,1.5699999999999363,1
2017-02-18,1053.55,1049.72,-3.8299999999999272,0
2017-02-19,1049.72,1078.29,28.569999999999936,1
2017-02-20,1078.29,1123.86,45.569999999999936,1
2017-02-21,1123.86,1123.12,-0.7400000000000091,0
2017-02-22,1123.12,1173.69,50.570000000000164,1
2017-02-23,1173.69,1177.88,4.190000000000055,1
2017-02-24,1177.88,1148.38,-29.5,0
2017-02-25,1148.38,1175.34,26.95999999999981,1
2017-02-26,1175.34,1190.77,15.430000000000064,1
2017-02-27,1190.77,1187.64,-3.1299999999998818,0
2017-02-28,1187.64,1224.25,36.6099999999999,1
2017-03-01,1224.25,1254.38,30.13000000000011,1
2017-03-02,1254.38,1283.05,28.669999999999845,1
2017-03-03,1283.05,1264.58,-18.470000000000027,0
2017-03-04,1264.58,1274.22,9.6400000000001,1
2017-03-05,1274.22,1279.71,5.490000000000009,1
2017-03-06,1279.71,1233.82,-45.8900000000001,0
2017-03-07,1233.82,1148.55,-85.26999999999998,0
2017-03-08,1148.55,1194.04,45.49000000000001,1
2017-03-09,1194.04,1110.74,-83.29999999999995,0
2017-03-10,1110.74,1180.05,69.30999999999995,1
2017-03-11,1180.05,1224.22,44.17000000000007,1
2017-03-12,1224.22,1241.34,17.11999999999989,1
2017-03-13,1241.34,1243.43,2.0900000000001455,1
2017-03-14,1243.43,1253.97,10.539999999999964,1
2017-03-15,1252.49,1172.67,-79.81999999999994,0
2017-03-16,1172.67,1066.79,-105.88000000000011,0
2017-03-17,1066.79,971.73,-95.05999999999995,0
2017-03-18,971.73,1022.12,50.389999999999986,1
2017-03-19,1022.12,1047.61,25.489999999999895,1
2017-03-20,1047.61,1118.88,71.27000000000021,1
2017-03-21,1118.88,1042.38,-76.5,0
2017-03-22,1042.38,1030.65,-11.730000000000018,0
2017-03-23,1030.65,940.07,-90.58000000000004,0
2017-03-24,940.07,965.46,25.389999999999986,1
2017-03-25,965.46,970.64,5.17999999999995,1
2017-03-26,970.64,1043.87,73.2299999999999,1
2017-03-27,1043.87,1044.25,0.38000000000010914,1
2017-03-28,1044.25,1043.25,-1.0,0
2017-03-29,1043.25,1038.61,-4.6400000000001,0
2017-03-30,1038.61,1079.85,41.24000000000001,1
2017-03-31,1079.85,1086.91,7.060000000000173,1
2017-04-01,1086.91,1098.06,11.149999999999864,1
2017-04-02,1098.06,1148.28,50.22000000000003,1
2017-04-03,1148.28,1141.94,-6.339999999999918,0
2017-04-04,1141.94,1130.1,-11.840000000000146,0
2017-04-05,1130.1,1186.86,56.75999999999999,1
2017-04-06,1186.86,1192.49,5.630000000000109,1
2017-04-07,1192.49,1182.57,-9.920000000000073,0
2017-04-08,1182.57,1203.76,21.190000000000055,1
2017-04-09,1203.76,1208.15,4.3900000000001,1
2017-04-10,1208.15,1221.84,13.689999999999827,1
2017-04-11,1221.84,1212.23,-9.6099999999999,0
2017-04-12,1212.23,1176.4,-35.82999999999993,0
2017-04-13,1176.4,1177.35,0.9499999999998181,1
2017-04-14,1177.35,1177.84,0.4900000000000091,1
2017-04-15,1177.84,1171.68,-6.1599999999998545,0
2017-04-16,1171.68,1194.87,23.189999999999827,1
2017-04-17,1194.87,1204.94,10.070000000000164,1
2017-04-18,1204.94,1216.54,11.599999999999909,1
2017-04-19,1216.54,1237.27,20.730000000000018,1
2017-04-20,1237.27,1253.09,15.819999999999936,1
2017-04-21,1253.09,1238.63,-14.459999999999809,0
2017-04-22,1238.63,1248.66,10.029999999999973,1
2017-04-23,1248.66,1249.01,0.34999999999990905,1
2017-04-24,1249.01,1268.74,19.730000000000018,1
2017-04-25,1268.74,1287.32,18.579999999999927,1
2017-04-26,1287.32,1338.39,51.070000000000164,1
2017-04-27,1338.39,1335.28,-3.1100000000001273,0
2017-04-28,1335.28,1333.76,-1.5199999999999818,0
2017-04-29,1333.76,1360.75,26.99000000000001,1
2017-04-30,1360.75,1413.79,53.039999999999964,1
2017-05-01,1413.79,1451.55,37.75999999999999,1
2017-05-02,1451.55,1493.05,41.5,1
2017-05-03,1493.05,1524.57,31.519999999999982,1
2017-05-04,1524.57,1510.28,-14.289999999999964,0
2017-05-05,1510.28,1552.26,41.98000000000002,1
2017-05-06,1552.26,1542.58,-9.680000000000064,0
2017-05-07,1542.58,1666.75,124.17000000000007,1
2017-05-08,1666.75,1684.68,17.930000000000064,1
2017-05-09,1684.68,1777.32,92.63999999999987,1
2017-05-10,1777.32,1822.79,45.47000000000003,1
2017-05-11,1822.79,1686.75,-136.03999999999996,0
2017-05-12,1686.75,1777.86,91.1099999999999,1
2017-05-13,1777.86,1777.62,-0.2400000000000091,0
2017-05-14,1777.62,1719.2,-58.419999999999845,0
2017-05-15,1719.2,1743.76,24.559999999999945,1
2017-05-16,1743.76,1806.3,62.539999999999964,1
2017-05-17,1806.3,1886.62,80.31999999999994,1
2017-05-18,1886.62,1963.86,77.24000000000001,1
2017-05-19,1963.86,2045.55,81.69000000000005,1
2017-05-20,2045.55,2045.61,0.05999999999994543,1
2017-05-21,2045.61,2119.29,73.68000000000006,1
2017-05-22,2119.29,2275.17,155.8800000000001,1
2017-05-23,2275.17,2438.47,163.29999999999973,1
2017-05-24,2438.47,2306.96,-131.50999999999976,0
2017-05-25,2306.96,2248.52,-58.440000000000055,0
2017-05-26,2244.89,2052.43,-192.46000000000004,0
2017-05-27,2052.43,2189.02,136.59000000000015,1
2017-05-28,2189.02,2278.21,89.19000000000005,1
2017-05-29,2278.21,2192.55,-85.65999999999985,0
2017-05-30,2192.55,2303.34,110.78999999999996,1
2017-05-31,2303.34,2412.65,109.30999999999995,1
2017-06-01,2412.65,2492.6,79.94999999999982,1
2017-06-02,2492.6,2545.43,52.82999999999993,1
2017-06-03,2545.43,2524.06,-21.36999999999989,0
2017-06-04,2524.06,2704.96,180.9000000000001,1
2017-06-05,2704.96,2870.5,165.53999999999996,1
2017-06-06,2870.5,2691.51,-178.98999999999978,0
2017-06-07,2691.51,2798.78,107.26999999999998,1
2017-06-08,2798.78,2811.43,12.649999999999636,1
2017-06-09,2811.43,2900.25,88.82000000000016,1
2017-06-10,2900.25,2973.45,73.19999999999982,1
2017-06-11,2973.45,2656.77,-316.67999999999984,0
2017-06-12,2656.77,2712.99,56.2199999999998,1
2017-06-13,2712.99,2467.27,-245.7199999999998,0
2017-06-14,2467.27,2442.46,-24.809999999999945,0
2017-06-15,2442.46,2508.58,66.11999999999989,1
2017-06-16,2508.58,2655.1,146.51999999999998,1
2017-06-17,2655.1,2539.56,-115.53999999999996,0
2017-06-18,2539.56,2616.82,77.26000000000022,1
2017-06-19,2616.82,2754.38,137.55999999999995,1
2017-06-20,2754.38,2677.62,-76.76000000000022,0
2017-06-21,2677.62,2722.84,45.220000000000255,1
2017-06-22,2722.84,2710.37,-12.470000000000255,0
2017-06-23,2710.37,2590.05,-120.31999999999971,0
2017-06-24,2590.05,2541.62,-48.43000000000029,0
2017-06-25,2541.62,2446.05,-95.56999999999971,0
2017-06-26,2446.05,2583.75,137.69999999999982,1
2017-06-27,2583.75,2577.74,-6.010000000000218,0
2017-06-28,2577.74,2558.37,-19.36999999999989,0
2017-06-29,2558.37,2480.61,-77.75999999999976,0
2017-06-30,2480.61,2424.61,-56.0,0
2017-07-01,2424.61,2536.46,111.84999999999991,1
2017-07-02,2536.46,2572.47,36.00999999999976,1
2017-07-03,2572.47,2617.32,44.850000000000364,1
2017-07-04,2617.32,2627.86,10.539999999999964,1
2017-07-05,2627.86,2614.24,-13.620000000000346,0
2017-07-06,2614.24,2513.88,-100.35999999999967,0
2017-07-07,2513.88,2564.86,50.98000000000002,1
2017-07-08,2564.86,2511.43,-53.43000000000029,0
2017-07-09,2511.43,2344.02,-167.40999999999985,0
2017-07-10,2344.02,2324.29,-19.730000000000018,0
2017-07-11,2324.29,2403.09,78.80000000000018,1
2017-07-12,2403.09,2362.44,-40.65000000000009,0
2017-07-13,2362.44,2234.17,-128.26999999999998,0
2017-07-14,2234.17,1975.08,-259.09000000000015,0
2017-07-15,1975.08,1914.09,-60.99000000000001,0
2017-07-16,1914.09,2233.39,319.29999999999995,1
2017-07-17,2233.39,2320.23,86.84000000000015,1
2017-07-18,2320.23,2282.58,-37.65000000000009,0
2017-07-19,2255.6,2866.02,610.4200000000001,1
2017-07-20,2866.02,2675.08,-190.94000000000005,0
2017-07-21,2675.08,2836.53,161.45000000000027,1
2017-07-22,2836.53,2756.61,-79.92000000000007,0
2017-07-23,2756.61,2763.42,6.809999999999945,1
2017-07-24,2763.42,2582.58,-180.84000000000015,0
2017-07-25,2582.58,2559.21,-23.36999999999989,0
2017-07-26,2559.21,2691.88,132.67000000000007,1
2017-07-27,2691.88,2806.75,114.86999999999989,1
2017-07-28,2806.75,2733.5,-73.25,0
2017-07-29,2733.5,2766.49,32.98999999999978,1
2017-07-30,2766.49,2883.27,116.7800000000002,1
2017-07-31,2883.27,2746.99,-136.2800000000002,0
2017-08-01,2746.99,2720.53,-26.45999999999958,0
2017-08-02,2720.53,2809.99,89.45999999999958,1
2017-08-03,2809.99,2878.49,68.5,1
2017-08-04,2878.49,3262.8,384.3100000000004,1
2017-08-05,3262.8,3232.03,-30.769999999999982,0
2017-08-06,3232.03,3401.91,169.87999999999965,1
2017-08-07,3401.91,3429.38,27.470000000000255,1
2017-08-08,3429.38,3348.79,-80.59000000000015,0
2017-08-09,3348.79,3425.67,76.88000000000011,1
2017-08-10,3425.67,3654.37,228.69999999999982,1
2017-08-11,3654.37,3871.62,217.25,1
2017-08-12,3871.62,4062.6,190.98000000000002,1
2017-08-13,4062.6,4327.94,265.3399999999997,1
2017-08-14,4327.94,4161.66,-166.27999999999975,0
2017-08-15,4161.66,4387.4,225.73999999999978,1
2017-08-16,4387.4,4278.92,-108.47999999999956,0
2017-08-17,4278.92,4105.37,-173.55000000000018,0
2017-08-18,4105.37,4150.45,45.07999999999993,1
2017-08-19,4150.45,4066.6,-83.84999999999991,0
2017-08-20,4066.6,4005.1,-61.5,0
2017-08-21,4005.1,4089.7,84.59999999999991,1
2017-08-22,4089.7,4141.09,51.39000000000033,1
2017-08-23,4141.09,4318.35,177.26000000000022,1
2017-08-24,4318.35,4364.41,46.05999999999949,1
2017-08-25,4364.41,4352.3,-12.109999999999673,0
2017-08-26,4352.3,4345.75,-6.550000000000182,0
2017-08-27,4345.75,4390.31,44.5600000000004,1
2017-08-28,4390.31,4597.31,207.0,1
2017-08-29,4597.31,4583.02,-14.289999999999964,0
2017-08-30,4583.02,4735.11,152.08999999999924,1
2017-08-31,4735.11,4921.85,186.7400000000007,1
2017-09-01,4921.85,4573.8,-348.0500000000002,0
2017-09-02,4573.8,4612.92,39.11999999999989,1
2017-09-03,4612.92,4267.45,-345.47000000000025,0
2017-09-04,4267.45,4409.08,141.6300000000001,1
2017-09-05,4409.08,4618.71,209.6300000000001,1
2017-09-06,4618.71,4635.6,16.890000000000327,1
2017-09-07,4635.6,4326.45,-309.15000000000055,0
2017-09-08,4326.45,4335.13,8.680000000000291,1
2017-09-09,4335.13,4245.89,-89.23999999999978,0
2017-09-10,4245.89,4217.9,-27.99000000000069,0
2017-09-11,4217.9,4158.92,-58.97999999999956,0
2017-09-12,4158.92,3870.29,-288.6300000000001,0
2017-09-13,3870.29,3243.08,-627.21,0
2017-09-14,3243.08,3713.76,470.6800000000003,1
2017-09-15,3713.76,3698.92,-14.840000000000146,0
2017-09-16,3698.92,3689.61,-9.309999999999945,0
2017-09-17,3689.61,4100.28,410.6699999999996,1
2017-09-18,4100.28,3907.96,-192.3199999999997,0
2017-09-19,3907.96,3882.16,-25.800000000000182,0
2017-09-20,3882.16,3617.27,-264.8899999999999,0
2017-09-21,3617.27,3600.83,-16.440000000000055,0
2017-09-22,3600.83,3788.02,187.19000000000005,1
2017-09-23,3788.02,3667.52,-120.5,0
2017-09-24,3667.52,3932.83,265.30999999999995,1
2017-09-25,3932.83,3892.7,-40.13000000000011,0
2017-09-26,3892.7,4212.2,319.5,1
2017-09-27,4212.2,4195.65,-16.550000000000182,0
2017-09-28,4195.65,4172.79,-22.859999999999673,0
2017-09-29,4172.79,4360.62,187.82999999999993,1
2017-09-30,4360.62,4403.09,42.470000000000255,1
2017-10-01,4403.09,4401.32,-1.7700000000004366,0
2017-10-02,4401.32,4314.18,-87.13999999999942,0
2017-10-03,4314.18,4218.66,-95.52000000000044,0
2017-10-04,4218.66,4321.44,102.77999999999975,1
2017-10-05,4321.44,4371.94,50.5,1
2017-10-06,4371.94,4435.81,63.8700000000008,1
2017-10-07,4435.81,4611.7,175.88999999999942,1
2017-10-08,4611.7,4777.49,165.78999999999996,1
2017-10-09,4777.49,4763.36,-14.13000000000011,0
2017-10-10,4763.36,4824.2,60.840000000000146,1
2017-10-11,4824.2,5432.62,608.4200000000001,1
2017-10-12,5432.62,5637.26,204.64000000000033,1
2017-10-13,5637.26,5824.71,187.44999999999982,1
2017-10-14,5824.71,5688.14,-136.5699999999997,0
2017-10-15,5685.47,5759.33,73.85999999999967,1
2017-10-16,5759.25,5598.58,-160.67000000000007,0
2017-10-17,5598.58,5575.83,-22.75,0
2017-10-18,5576.71,5698.65,121.9399999999996,1
2017-10-19,5698.62,5993.11,294.4899999999998,1
2017-10-20,5993.11,6006.65,13.539999999999964,1
2017-10-21,6006.65,5982.86,-23.789999999999964,0
2017-10-22,5982.86,5903.61,-79.25,0
2017-10-23,5903.61,5513.08,-390.52999999999975,0
2017-10-24,5513.08,5734.0,220.92000000000007,1
2017-10-25,5734.0,5887.61,153.60999999999967,1
2017-10-26,5887.62,5764.56,-123.05999999999949,0
2017-10-27,5764.56,5726.61,-37.95000000000073,0
2017-10-28,5726.61,6147.52,420.91000000000076,1
2017-10-29,6147.7,6124.28,-23.420000000000073,0
2017-10-30,6124.28,6451.24,326.96000000000004,1
2017-10-31,6449.1,6737.78,288.6799999999994,1
2017-11-01,6737.78,7024.81,287.03000000000065,1
2017-11-02,7024.81,7152.12,127.30999999999949,1
2017-11-03,7146.98,7363.8,216.82000000000062,1
2017-11-04,7363.8,7389.55,25.75,1
2017-11-05,7389.55,6959.23,-430.3200000000006,0
2017-11-06,6959.27,7102.75,143.47999999999956,1
2017-11-07,7102.23,7444.36,342.1300000000001,1
2017-11-08,7444.36,7129.59,-314.7699999999995,0
2017-11-09,7129.59,6565.8,-563.79,0
2017-11-10,6565.8,6339.86,-225.9400000000005,0
2017-11-11,6339.87,5878.13,-461.7399999999998,0
2017-11-12,5878.09,6522.45,644.3599999999997,1
2017-11-13,6522.45,6597.06,74.61000000000058,1
2017-11-14,6597.06,7283.22,686.1599999999999,1
2017-11-15,7283.02,7853.68,570.6599999999999,1
2017-11-16,7853.68,7699.95,-153.73000000000047,0
2017-11-17,7699.95,7780.91,80.96000000000004,1
2017-11-18,7781.02,8042.64,261.6199999999999,1
2017-11-19,8042.64,8244.69,202.05000000000018,1
2017-11-20,8245.87,8099.97,-145.90000000000055,0
2017-11-21,8099.92,8234.55,134.6299999999992,1
2017-11-22,8234.5,8013.41,-221.09000000000015,0
2017-11-23,8013.38,8200.8,187.41999999999916,1
2017-11-24,8203.45,8754.69,551.2399999999998,1
2017-11-25,8754.62,9318.42,563.7999999999993,1
2017-11-26,9318.42,9733.2,414.78000000000065,1
2017-11-27,9732.63,9906.04,173.41000000000167,1
2017-11-28,9906.04,9837.86,-68.18000000000029,0
2017-11-29,9848.05,9946.76,98.71000000000095,1
2017-11-30,9947.08,10861.47,914.3899999999994,1
2017-12-01,10861.47,10912.73,51.26000000000022,1
2017-12-02,10912.72,11246.21,333.4899999999998,1
2017-12-03,11244.2,11623.91,379.7099999999991,1
2017-12-04,11624.37,11667.13,42.7599999999984,1
2017-12-05,11667.13,13749.57,2082.4400000000005,1
2017-12-06,13750.09,16850.31,3100.220000000001,1
2017-12-07,16867.98,16047.61,-820.369999999999,0
2017-12-08,16048.18,14843.42,-1204.7600000000002,0
2017-12-09,14839.98,15059.6,219.6200000000008,1
2017-12-10,15060.45,16732.47,1672.0200000000004,1
2017-12-11,16733.29,17083.9,350.6100000000006,1
2017-12-12,17083.9,16286.82,-797.0800000000017,0
2017-12-13,16286.82,16467.91,181.09000000000015,1
2017-12-14,16467.91,17604.85,1136.9399999999987,1
2017-12-15,17594.08,19345.49,1751.4099999999999,1
2017-12-16,19346.6,19065.71,-280.8899999999994,0
2017-12-17,19065.71,18972.32,-93.38999999999942,0
2017-12-18,18971.19,17523.7,-1447.489999999998,0
2017-12-19,17521.73,16461.97,-1059.7599999999984,0
2017-12-20,16461.09,15632.12,-828.9699999999993,0
2017-12-21,15632.12,13664.97,-1967.1500000000015,0
2017-12-22,13664.97,14396.46,731.4899999999998,1
2017-12-23,14396.63,13789.95,-606.6799999999985,0
2017-12-24,13789.95,13833.49,43.539999999999054,1
2017-12-25,13830.19,15756.56,1926.369999999999,1
2017-12-26,15757.02,15416.64,-340.380000000001,0
2017-12-27,15416.34,14398.7,-1017.6399999999994,0
2017-12-28,14398.45,14392.57,-5.880000000001019,0
2017-12-29,14392.14,12531.52,-1860.619999999999,0
2017-12-30,12532.38,13850.4,1318.0200000000004,1
2017-12-31,13850.49,13444.88,-405.6100000000006,0
2018-01-01,13444.88,14754.13,1309.25,1
2018-01-02,14754.09,15156.62,402.53000000000065,1
2018-01-03,15156.49,15180.08,23.590000000000146,1
2018-01-04,15180.08,16954.78,1774.699999999999,1
2018-01-05,16954.76,17172.3,217.54000000000087,1
2018-01-06,17174.5,16228.16,-946.3400000000001,0
2018-01-07,16228.26,14976.17,-1252.0900000000001,0
2018-01-08,14976.17,14468.5,-507.6700000000001,0
2018-01-09,14468.09,14919.49,451.39999999999964,1
2018-01-10,14920.36,13308.06,-1612.300000000001,0
2018-01-11,13308.06,13841.19,533.130000000001,1
2018-01-12,13841.19,14243.12,401.9300000000003,1
2018-01-13,14244.12,13638.63,-605.4900000000016,0
2018-01-14,13638.63,13631.98,-6.649999999999636,0
2018-01-15,13634.6,11282.49,-2352.1100000000006,0
2018-01-16,11282.49,11162.7,-119.78999999999905,0
2018-01-17,11162.7,11175.52,12.819999999999709,1
2018-01-18,11175.52,11521.76,346.2399999999998,1
2018-01-19,11521.82,12783.94,1262.1200000000008,1
2018-01-20,12783.54,11549.93,-1233.6100000000006,0
2018-01-21,11549.98,10814.52,-735.4599999999991,0
2018-01-22,10814.52,10858.23,43.70999999999913,1
2018-01-23,10853.78,11429.02,575.2399999999998,1
2018-01-24,11428.11,11175.87,-252.23999999999978,0
2018-01-25,11175.87,11104.2,-71.67000000000007,0
2018-01-26,11104.34,11459.71,355.369999999999,1
2018-01-27,11460.39,11767.74,307.35000000000036,1
2018-01-28,11767.74,11233.95,-533.789999999999,0
2018-01-29,11234.32,10107.26,-1127.0599999999995,0
2018-01-30,10107.4,10226.86,119.46000000000095,1
2018-01-31,10226.86,9114.72,-1112.1400000000012,0
2018-02-01,9114.73,8870.82,-243.90999999999985,0
2018-02-02,8872.87,9251.27,378.39999999999964,1
2018-02-03,9251.27,8218.05,-1033.2200000000012,0
2018-02-04,8218.05,6937.08,-1280.9699999999993,0
2018-02-05,6936.43,7701.25,764.8199999999997,1
2018-02-06,7701.25,7592.72,-108.52999999999975,0
2018-02-07,7593.78,8260.69,666.9100000000008,1
2018-02-08,8259.26,8696.83,437.5699999999997,1
2018-02-09,8696.83,8569.29,-127.53999999999905,0
2018-02-10,8569.32,8084.61,-484.71000000000004,0
2018-02-11,8084.61,8911.27,826.6600000000008,1
2018-02-12,8911.17,8544.69,-366.47999999999956,0
2018-02-13,8544.69,9485.64,940.9499999999989,1
2018-02-14,9485.64,10033.75,548.1100000000006,1
2018-02-15,10033.75,10188.73,154.97999999999956,1
2018-02-16,10188.73,11097.21,908.4799999999996,1
2018-02-17,11097.21,10417.23,-679.9799999999996,0
2018-02-18,10418.12,11182.28,764.1599999999999,1
2018-02-19,11182.28,11256.43,74.14999999999964,1
2018-02-20,11256.78,10481.66,-775.1200000000008,0
2018-02-21,10481.66,9847.96,-633.7000000000007,0
2018-02-22,9847.96,10175.51,327.5500000000011,1
2018-02-23,10175.51,9705.73,-469.78000000000065,0
2018-02-24,9705.73,9610.11,-95.61999999999898,0
2018-02-25,9610.11,10326.5,716.3899999999994,1
2018-02-26,10326.5,10594.76,268.2600000000002,1
2018-02-27,10594.76,10334.44,-260.3199999999997,0
2018-02-28,10334.44,10929.37,594.9300000000003,1
2018-03-01,10929.37,11043.12,113.75,1
2018-03-02,11043.12,11465.36,422.2399999999998,1
2018-03-03,11465.36,11504.42,39.05999999999949,1
2018-03-04,11503.94,11440.73,-63.210000000000946,0
2018-03-05,11440.33,10735.45,-704.8799999999992,0
2018-03-06,10735.45,9928.56,-806.8900000000012,0
2018-03-07,9928.56,9316.72,-611.8400000000001,0
2018-03-08,9316.77,9252.76,-64.01000000000022,0
2018-03-09,9252.76,8797.27,-455.4899999999998,0
2018-03-10,8797.27,9544.84,747.5699999999997,1
2018-03-11,9543.98,9142.15,-401.8299999999999,0
2018-03-12,9142.27,9160.12,17.850000000000364,1
2018-03-13,9160.12,8217.7,-942.4200000000001,0
2018-03-14,8216.22,8268.41,52.19000000000051,1
2018-03-15,8267.95,8283.23,15.279999999998836,1
2018-03-16,8283.23,7883.45,-399.77999999999975,0
2018-03-17,7882.67,8215.4,332.72999999999956,1
2018-03-18,8215.5,8623.14,407.6399999999994,1
2018-03-19,8623.14,8920.71,297.5699999999997,1
2018-03-20,8920.53,8911.35,-9.180000000000291,0
2018-03-21,8911.37,8724.98,-186.39000000000124,0
2018-03-22,8724.98,8934.8,209.8199999999997,1
2018-03-23,8935.51,8548.06,-387.4500000000007,0
2018-03-24,8548.39,8472.84,-75.54999999999927,0
2018-03-25,8472.56,8152.2,-320.3599999999997,0
2018-03-26,8152.18,7808.48,-343.7000000000007,0
2018-03-27,7808.42,7959.78,151.35999999999967,1
2018-03-28,7959.78,7106.62,-853.1599999999999,0
2018-03-29,7106.62,6853.76,-252.85999999999967,0
2018-03-30,6853.75,6943.77,90.02000000000044,1
2018-03-31,6943.77,6835.84,-107.93000000000029,0
2018-04-01,6835.58,7074.6,239.02000000000044,1
2018-04-02,7074.65,7434.3,359.65000000000055,1
2018-04-03,7434.3,6815.5,-618.8000000000002,0
2018-04-04,6815.5,6790.45,-25.050000000000182,0
2018-04-05,6790.45,6634.86,-155.59000000000015,0
2018-04-06,6634.86,6917.2,282.34000000000015,1
2018-04-07,6917.2,7049.92,132.72000000000025,1
2018-04-08,7049.92,6789.53,-260.3900000000003,0
2018-04-09,6789.53,6871.07,81.53999999999996,1
2018-04-10,6871.07,6977.13,106.0600000000004,1
2018-04-11,6977.04,7927.73,950.6899999999996,1
2018-04-12,7927.73,7899.11,-28.61999999999989,0
2018-04-13,7898.74,8022.51,123.77000000000044,1
2018-04-14,8022.51,8376.73,354.21999999999935,1
2018-04-15,8376.73,8079.77,-296.9599999999991,0
2018-04-16,8079.77,7921.63,-158.14000000000033,0
2018-04-17,7921.65,8189.96,268.3100000000004,1
2018-04-18,8189.92,8301.82,111.89999999999964,1
2018-04-19,8301.82,8877.08,575.2600000000002,1
2018-04-20,8877.15,8935.72,58.56999999999971,1
2018-04-21,8935.85,8823.36,-112.48999999999978,0
2018-04-22,8823.46,8968.25,144.79000000000087,1
2018-04-23,8967.86,9655.77,687.9099999999999,1
2018-04-24,9657.69,8873.62,-784.0699999999997,0
2018-04-25,8873.57,9282.12,408.5500000000011,1
2018-04-26,9289.01,8938.47,-350.5400000000009,0
2018-04-27,8938.47,9351.47,413.0,1
2018-04-28,9349.94,9407.04,57.100000000000364,1
2018-04-29,9407.35,9248.45,-158.89999999999964,0
2018-04-30,9248.25,9077.28,-170.96999999999935,0
2018-05-01,9077.28,9232.19,154.90999999999985,1
2018-05-02,9232.19,9745.04,512.8500000000004,1
2018-05-03,9746.26,9699.61,-46.649999999999636,0
2018-05-04,9700.37,9845.9,145.52999999999884,1
2018-05-05,9846.44,9644.92,-201.52000000000044,0
2018-05-06,9643.99,9377.81,-266.1800000000003,0
2018-05-07,9377.08,9196.13,-180.95000000000073,0
2018-05-08,9196.13,9321.16,125.03000000000065,1
2018-05-09,9321.52,9032.22,-289.3000000000011,0
2018-05-10,9032.22,8421.0,-611.2199999999993,0
2018-05-11,8420.82,8486.67,65.85000000000036,1
2018-05-12,8488.07,8709.46,221.38999999999942,1
2018-05-13,8709.46,8672.9,-36.55999999999949,0
2018-05-14,8672.88,8480.16,-192.71999999999935,0
2018-05-15,8480.16,8344.78,-135.3799999999992,0
2018-05-16,8342.69,8071.04,-271.65000000000055,0
2018-05-17,8071.04,8247.91,176.8699999999999,1
2018-05-18,8247.91,8249.24,1.3299999999999272,1
2018-05-19,8249.24,8533.0,283.7600000000002,1
2018-05-20,8533.22,8419.65,-113.56999999999971,0
2018-05-21,8419.67,7992.75,-426.9200000000001,0
2018-05-22,7992.75,7505.77,-486.97999999999956,0
2018-05-23,7505.77,7584.74,78.96999999999935,1
2018-05-24,7584.78,7475.36,-109.42000000000007,0
2018-05-25,7475.36,7355.06,-120.29999999999927,0
2018-05-26,7355.06,7362.23,7.169999999999163,1
2018-05-27,7362.23,7118.88,-243.34999999999945,0
2018-05-28,7118.88,7474.75,355.8699999999999,1
2018-05-29,7474.75,7393.02,-81.72999999999956,0
2018-05-30,7393.02,7502.15,109.1299999999992,1
2018-05-31,7501.74,7530.55,28.8100000000004,1
2018-06-01,7530.55,7643.26,112.71000000000004,1
2018-06-02,7643.26,7719.75,76.48999999999978,1
2018-06-03,7719.73,7503.2,-216.52999999999975,0
2018-06-04,7503.32,7629.4,126.07999999999993,1
2018-06-05,7629.4,7661.79,32.39000000000033,1
2018-06-06,7661.79,7700.11,38.31999999999971,1
2018-06-07,7700.4,7627.52,-72.8799999999992,0
2018-06-08,7627.56,7513.69,-113.8700000000008,0
2018-06-09,7513.76,6773.72,-740.04,0
2018-06-10,6773.72,6887.37,113.64999999999964,1
2018-06-11,6887.43,6556.94,-330.4900000000007,0
2018-06-12,6556.94,6310.43,-246.5099999999993,0
2018-06-13,6310.43,6643.26,332.8299999999999,1
2018-06-14,6643.63,6396.71,-246.92000000000007,0
2018-06-15,6396.71,6503.1,106.39000000000033,1
2018-06-16,6503.1,6457.78,-45.32000000000062,0
2018-06-17,6457.78,6714.82,257.03999999999996,1
2018-06-18,6714.56,6741.28,26.719999999999345,1
2018-06-19,6741.28,6761.27,19.99000000000069,1
2018-06-20,6761.27,6720.64,-40.63000000000011,0
2018-06-21,6720.64,6051.47,-669.1700000000001,0
2018-06-22,6051.47,6166.54,115.06999999999971,1
2018-06-23,6166.36,6157.78,-8.579999999999927,0
2018-06-24,6157.78,6260.35,102.57000000000062,1
2018-06-25,6260.4,6088.39,-172.0099999999993,0
2018-06-26,6092.26,6141.57,49.30999999999949,1
2018-06-27,6141.57,5871.28,-270.28999999999996,0
2018-06-28,5870.81,6203.8,332.9899999999998,1
2018-06-29,6203.81,6385.38,181.5699999999997,1
2018-06-30,6385.43,6339.04,-46.39000000000033,0
2018-07-01,6342.69,6615.66,272.97000000000025,1
2018-07-02,6616.6,6509.58,-107.02000000000044,0
2018-07-03,6508.43,6590.06,81.63000000000011,1
2018-07-04,6589.77,6534.81,-54.960000000000036,0
2018-07-05,6534.81,6602.02,67.21000000000004,1
2018-07-06,6602.03,6758.08,156.05000000000018,1
2018-07-07,6758.08,6707.38,-50.69999999999982,0
2018-07-08,6707.46,6668.84,-38.61999999999989,0
2018-07-09,6668.84,6306.85,-361.9899999999998,0
2018-07-10,6306.87,6394.36,87.48999999999978,1
2018-07-11,6394.36,6253.6,-140.7599999999993,0
2018-07-12,6253.66,6229.83,-23.829999999999927,0
2018-07-13,6229.61,6268.75,39.14000000000033,1
2018-07-14,6268.32,6364.26,95.94000000000051,1
2018-07-15,6364.26,6740.55,376.28999999999996,1
2018-07-16,6740.54,7326.7,586.1599999999999,1
2018-07-17,7326.76,7383.39,56.63000000000011,1
2018-07-18,7383.39,7477.5,94.10999999999967,1
2018-07-19,7477.1,7333.93,-143.17000000000007,0
2018-07-20,7333.93,7405.4,71.46999999999935,1
2018-07-21,7405.4,7398.64,-6.759999999999309,0
2018-07-22,7398.64,7718.0,319.3599999999997,1
2018-07-23,7718.0,8395.82,677.8199999999997,1
2018-07-24,8395.81,8170.23,-225.57999999999993,0
2018-07-25,8170.37,7937.25,-233.1199999999999,0
2018-07-26,7937.1,8182.89,245.78999999999996,1
2018-07-27,8182.88,8230.87,47.99000000000069,1
2018-07-28,8230.82,8216.78,-14.039999999999054,0
2018-07-29,8216.7,8176.06,-40.64000000000033,0
2018-07-30,8176.08,7735.3,-440.77999999999975,0
2018-07-31,7736.25,7610.9,-125.35000000000036,0
2018-08-01,7610.9,7542.34,-68.55999999999949,0
2018-08-02,7542.34,7417.6,-124.73999999999978,0
2018-08-03,7417.6,7017.89,-399.71000000000004,0
2018-08-04,7017.89,7042.39,24.5,1
2018-08-05,7042.57,6945.78,-96.78999999999996,0
2018-08-06,6945.77,6723.21,-222.5600000000004,0
2018-08-07,6723.29,6285.02,-438.2699999999995,0
2018-08-08,6285.06,6543.24,258.1799999999994,1
2018-08-09,6543.25,6153.41,-389.84000000000015,0
2018-08-10,6152.95,6242.54,89.59000000000015,1
2018-08-11,6242.53,6322.92,80.39000000000033,1
2018-08-12,6322.41,6263.2,-59.210000000000036,0
2018-08-13,6263.2,6199.6,-63.599999999999454,0
2018-08-14,6199.63,6274.22,74.59000000000015,1
2018-08-15,6274.22,6323.81,49.590000000000146,1
2018-08-16,6323.81,6591.16,267.34999999999945,1
2018-08-17,6591.18,6405.71,-185.47000000000025,0
2018-08-18,6405.74,6502.18,96.44000000000051,1
2018-08-19,6502.24,6269.9,-232.34000000000015,0
2018-08-20,6270.09,6491.11,221.01999999999953,1
2018-08-21,6491.09,6366.13,-124.96000000000004,0
2018-08-22,6366.14,6538.95,172.8099999999995,1
2018-08-23,6539.13,6708.96,169.82999999999993,1
2018-08-24,6708.94,6749.56,40.6200000000008,1
2018-08-25,6749.71,6720.6,-29.109999999999673,0
2018-08-26,6720.6,6915.73,195.1299999999992,1
2018-08-27,6915.92,7091.38,175.46000000000004,1
2018-08-28,7091.38,7052.0,-39.38000000000011,0
2018-08-29,7051.61,6998.76,-52.849999999999454,0
2018-08-30,6998.76,7026.96,28.199999999999818,1
2018-08-31,7026.96,7203.46,176.5,1
2018-09-01,7203.46,7301.26,97.80000000000018,1
2018-09-02,7301.25,7270.05,-31.199999999999818,0
2018-09-03,7270.05,7369.86,99.80999999999949,1
2018-09-04,7369.89,6705.03,-664.8600000000006,0
2018-09-05,6705.06,6515.42,-189.64000000000033,0
2018-09-06,6515.42,6411.78,-103.64000000000033,0
2018-09-07,6413.12,6200.16,-212.96000000000004,0
2018-09-08,6200.23,6249.07,48.840000000000146,1
2018-09-09,6249.07,6324.43,75.36000000000058,1
2018-09-10,6324.43,6295.54,-28.890000000000327,0
2018-09-11,6295.54,6337.11,41.56999999999971,1
2018-09-12,6337.08,6492.0,154.92000000000007,1
2018-09-13,6492.17,6486.01,-6.1599999999998545,0
2018-09-14,6485.39,6522.08,36.6899999999996,1
2018-09-15,6522.68,6502.44,-20.24000000000069,0
2018-09-16,6502.44,6261.48,-240.96000000000004,0
2018-09-17,6261.33,6346.44,85.10999999999967,1
2018-09-18,6346.44,6398.8,52.36000000000058,1
2018-09-19,6398.83,6505.9,107.06999999999971,1
2018-09-20,6505.97,6762.06,256.09000000000015,1
2018-09-21,6762.07,6716.6,-45.469999999999345,0
2018-09-22,6716.6,6702.7,-13.900000000000546,0
2018-09-23,6702.73,6583.53,-119.19999999999982,0
2018-09-24,6583.53,6437.74,-145.78999999999996,0
2018-09-25,6437.74,6462.6,24.860000000000582,1
2018-09-26,6462.6,6686.13,223.52999999999975,1
2018-09-27,6686.13,6635.38,-50.75,0
2018-09-28,6635.4,6603.75,-31.649999999999636,0
2018-09-29,6603.75,6623.71,19.960000000000036,1
2018-09-30,6623.82,6594.98,-28.840000000000146,0
2018-10-01,6594.98,6525.47,-69.50999999999931,0
2018-10-02,6525.46,6492.26,-33.19999999999982,0
2018-10-03,6492.61,6579.79,87.18000000000029,1
2018-10-04,6580.0,6632.87,52.86999999999989,1
2018-10-05,6632.88,6589.94,-42.94000000000051,0
2018-10-06,6589.94,6601.15,11.210000000000036,1
2018-10-07,6601.46,6650.07,48.60999999999967,1
2018-10-08,6650.07,6631.79,-18.279999999999745,0
2018-10-09,6631.79,6581.07,-50.720000000000255,0
2018-10-10,6581.07,6209.47,-371.59999999999945,0
2018-10-11,6209.47,6250.85,41.38000000000011,1
2018-10-12,6252.1,6267.27,15.170000000000073,1
2018-10-13,6267.27,6277.73,10.459999999999127,1
2018-10-14,6277.73,6612.36,334.6300000000001,1
2018-10-15,6612.69,6583.05,-29.639999999999418,0
2018-10-16,6583.05,6574.52,-8.529999999999745,0
2018-10-17,6576.4,6488.72,-87.67999999999938,0
2018-10-18,6489.37,6469.28,-20.090000000000146,0
2018-10-19,6469.28,6490.56,21.280000000000655,1
2018-10-20,6490.6,6509.87,19.269999999999527,1
2018-10-21,6509.87,6483.23,-26.640000000000327,0
2018-10-22,6484.32,6470.22,-14.099999999999454,0
2018-10-23,6470.63,6476.25,5.619999999999891,1
2018-10-24,6476.52,6462.77,-13.75,0
2018-10-25,6462.77,6457.21,-5.5600000000004,0
2018-10-26,6457.21,6470.17,12.960000000000036,1
2018-10-27,6470.17,6470.74,0.569999999999709,1
2018-10-28,6470.74,6313.91,-156.82999999999993,0
2018-10-29,6314.38,6309.11,-5.270000000000437,0
2018-10-30,6309.11,6342.61,33.5,1
2018-10-31,6342.81,6381.3,38.48999999999978,1
2018-11-01,6381.3,6394.66,13.359999999999673,1
2018-11-02,6394.65,6376.32,-18.329999999999927,0
2018-11-03,6376.55,6467.05,90.5,1
2018-11-04,6467.05,6433.74,-33.3100000000004,0
2018-11-05,6433.53,6479.72,46.19000000000051,1
2018-11-06,6479.72,6529.68,49.960000000000036,1
2018-11-07,6530.94,6446.06,-84.8799999999992,0
2018-11-08,6446.06,6377.99,-68.07000000000062,0
2018-11-09,6377.99,6396.37,18.38000000000011,1
2018-11-10,6396.39,6408.18,11.789999999999964,1
2018-11-11,6408.18,6375.08,-33.100000000000364,0
2018-11-12,6375.08,6339.17,-35.909999999999854,0
2018-11-13,6339.17,5741.47,-597.6999999999998,0
2018-11-14,5740.51,5647.5,-93.01000000000022,0
2018-11-15,5647.5,5586.27,-61.22999999999956,0
2018-11-16,5586.97,5568.94,-18.030000000000655,0
2018-11-17,5567.95,5615.26,47.3100000000004,1
2018-11-18,5615.26,4809.62,-805.6400000000003,0
2018-11-19,4809.62,4441.81,-367.8099999999995,0
2018-11-20,4441.81,4593.04,151.22999999999956,1
2018-11-21,4593.04,4320.68,-272.3599999999997,0
2018-11-22,4320.68,4343.42,22.73999999999978,1
2018-11-23,4343.42,3854.11,-489.30999999999995,0
2018-11-24,3854.11,4004.15,150.03999999999996,1
2018-11-25,4004.46,3784.59,-219.8699999999999,0
2018-11-26,3784.77,3822.99,38.2199999999998,1
2018-11-27,3822.99,4263.55,440.5600000000004,1
2018-11-28,4263.52,4286.69,23.169999999999163,1
2018-11-29,4286.85,4009.67,-277.1800000000003,0
2018-11-30,4009.67,4197.46,187.78999999999996,1
2018-12-01,4197.7,4143.86,-53.840000000000146,0
2018-12-02,4143.86,3871.41,-272.4499999999998,0
2018-12-03,3871.41,3948.44,77.0300000000002,1
2018-12-04,3948.44,3737.53,-210.90999999999985,0
2018-12-05,3737.53,3485.18,-252.35000000000036,0
2018-12-06,3485.18,3420.57,-64.60999999999967,0
2018-12-07,3420.57,3461.07,40.5,1
2018-12-08,3461.07,3592.84,131.76999999999998,1
2018-12-09,3592.84,3467.16,-125.68000000000029,0
2018-12-10,3467.16,3401.02,-66.13999999999987,0
2018-12-11,3401.02,3485.59,84.57000000000016,1
2018-12-12,3485.59,3305.11,-180.48000000000002,0
2018-12-13,3305.11,3235.48,-69.63000000000011,0
2018-12-14,3235.48,3232.51,-2.9699999999998,0
2018-12-15,3232.51,3255.37,22.859999999999673,1
2018-12-16,3255.37,3548.19,292.82000000000016,1
2018-12-17,3548.19,3715.85,167.65999999999985,1
2018-12-18,3715.85,3736.54,20.690000000000055,1
2018-12-19,3736.54,4137.66,401.1199999999999,1
2018-12-20,4137.66,3898.81,-238.8499999999999,0
2018-12-21,3898.81,4045.24,146.42999999999984,1
2018-12-22,4045.24,4007.63,-37.60999999999967,0
2018-12-23,4007.63,4081.95,74.31999999999971,1
2018-12-24,4081.95,3834.73,-247.2199999999998,0
2018-12-25,3834.73,3848.78,14.050000000000182,1
2018-12-26,3848.78,3646.09,-202.69000000000005,0
2018-12-27,3646.09,3947.86,301.77,1
2018-12-28,3947.86,3797.06,-150.80000000000018,0
2018-12-29,3797.06,3896.21,99.15000000000009,1
2018-12-30,3896.21,3747.39,-148.82000000000016,0
2018-12-31,3747.39,3880.15,132.76000000000022,1
2019-01-01,3880.15,3961.01,80.86000000000013,1
2019-01-02,3961.01,3835.86,-125.15000000000009,0
2019-01-03,3835.86,3874.06,38.19999999999982,1
2019-01-04,3890.3,3855.39,-34.91000000000031,0
2019-01-05,3855.39,4102.85,247.4600000000005,1
2019-01-06,4102.85,4050.4,-52.45000000000027,0
2019-01-07,4050.4,4040.75,-9.650000000000091,0
2019-01-08,4040.75,4048.34,7.5900000000001455,1
2019-01-09,4048.34,3668.15,-380.19000000000005,0
2019-01-10,3668.15,3669.2,1.0499999999997272,1
2019-01-11,3669.2,3664.38,-4.819999999999709,0
2019-01-12,3664.38,3551.24,-113.14000000000033,0
2019-01-13,3551.24,3703.9,152.6600000000003,1
2019-01-14,3703.9,3621.24,-82.66000000000031,0
2019-01-15,3621.24,3643.99,22.75,1
2019-01-16,3643.99,3685.3,41.3100000000004,1
2019-01-17,3685.3,3648.05,-37.25,0
2019-01-18,3648.05,3729.78,81.73000000000002,1
2019-01-19,3729.78,3567.73,-162.05000000000018,0
2019-01-20,3567.73,3571.92,4.190000000000055,1
2019-01-21,3571.92,3602.04,30.11999999999989,1
2019-01-22,3602.04,3572.05,-29.98999999999978,0
2019-01-23,3572.05,3598.52,26.4699999999998,1
2019-01-24,3598.52,3582.89,-15.63000000000011,0
2019-01-25,3582.89,3596.5,13.610000000000127,1
2019-01-26,3596.5,3565.08,-31.420000000000073,0
2019-01-27,3565.08,3453.42,-111.65999999999985,0
2019-01-28,3453.42,3418.25,-35.17000000000007,0
2019-01-29,3418.25,3467.21,48.960000000000036,1
2019-01-30,3467.21,3434.13,-33.07999999999993,0
2019-01-31,3434.13,3461.63,27.5,1
2019-02-01,3461.63,3508.68,47.04999999999973,1
2019-02-02,3508.68,3449.62,-59.059999999999945,0
2019-02-03,3449.62,3431.24,-18.38000000000011,0
2019-02-04,3431.24,3447.66,16.420000000000073,1
2019-02-05,3447.66,3394.89,-52.76999999999998,0
2019-02-06,3394.89,3375.33,-19.559999999999945,0
2019-02-07,3375.33,3660.03,284.7000000000003,1
2019-02-08,3660.03,3652.26,-7.769999999999982,0
2019-02-09,3652.26,3685.14,32.879999999999654,1
2019-02-10,3685.14,3611.34,-73.79999999999973,0
2019-02-11,3611.34,3617.41,6.069999999999709,1
2019-02-12,3617.41,3605.87,-11.539999999999964,0
2019-02-13,3605.87,3588.72,-17.15000000000009,0
2019-02-14,3588.72,3593.49,4.769999999999982,1
2019-02-15,3593.49,3617.24,23.75,1
2019-02-16,3617.24,3670.92,53.68000000000029,1
2019-02-17,3670.92,3912.57,241.6500000000001,1
2019-02-18,3912.57,3924.24,11.669999999999618,1
2019-02-19,3924.24,3974.05,49.8100000000004,1
2019-02-20,3974.05,3937.04,-37.01000000000022,0
2019-02-21,3937.04,3983.53,46.49000000000024,1
2019-02-22,3983.53,4149.09,165.55999999999995,1
2019-02-23,4149.09,3771.62,-377.47000000000025,0
2019-02-24,3771.62,3845.51,73.89000000000033,1
2019-02-25,3845.51,3817.88,-27.63000000000011,0
2019-02-26,3817.88,3830.72,12.83999999999969,1
2019-02-27,3830.72,3823.37,-7.349999999999909,0
2019-02-28,3823.37,3831.48,8.110000000000127,1
2019-03-01,3831.48,3842.94,11.460000000000036,1
2019-03-02,3842.94,3812.31,-30.63000000000011,0
2019-03-03,3812.31,3731.28,-81.02999999999975,0
2019-03-04,3731.28,3874.18,142.89999999999964,1
2019-03-05,3874.18,3874.98,0.8000000000001819,1
2019-03-06,3874.98,3882.61,7.630000000000109,1
2019-03-07,3882.61,3868.02,-14.590000000000146,0
2019-03-08,3868.02,3947.74,79.7199999999998,1
2019-03-09,3947.74,3929.84,-17.899999999999636,0
2019-03-10,3929.84,3874.89,-54.95000000000027,0
2019-03-11,3874.89,3888.57,13.680000000000291,1
2019-03-12,3888.57,3878.44,-10.13000000000011,0
2019-03-13,3878.44,3881.44,3.0,1
2019-03-14,3881.44,3927.08,45.63999999999987,1
2019-03-15,3927.08,4027.01,99.93000000000029,1
2019-03-16,4027.01,3998.0,-29.01000000000022,0
2019-03-17,3998.0,3988.85,-9.150000000000091,0
2019-03-18,3988.85,4024.14,35.289999999999964,1
2019-03-19,4024.14,4056.75,32.61000000000013,1
2019-03-20,4056.75,3996.93,-59.820000000000164,0
2019-03-21,3996.93,4000.84,3.9100000000003092,1
2019-03-22,4000.84,4007.21,6.369999999999891,1
2019-03-23,4007.21,3994.11,-13.099999999999909,0
2019-03-24,3994.11,3924.55,-69.55999999999995,0
2019-03-25,3924.55,3942.22,17.669999999999618,1
2019-03-26,3942.22,4045.98,103.76000000000022,1
2019-03-27,4045.98,4036.45,-9.5300000000002,0
2019-03-28,4036.45,4111.38,74.93000000000029,1
2019-03-29,4111.38,4118.13,6.75,1
2019-03-30,4118.13,4112.69,-5.440000000000509,0
2019-03-31,4112.69,4151.32,38.63000000000011,1
2019-04-01,4151.32,4906.93,755.6100000000006,1
2019-04-02,4906.93,4976.59,69.65999999999985,1
2019-04-03,4976.59,4913.36,-63.23000000000047,0
2019-04-04,4913.36,5047.23,133.8699999999999,1
2019-04-05,5047.23,5057.25,10.020000000000437,1
2019-04-06,5057.25,5201.16,143.90999999999985,1
2019-04-07,5201.16,5294.09,92.93000000000029,1
2019-04-08,5294.09,5201.3,-92.78999999999996,0
2019-04-09,5201.3,5318.6,117.30000000000018,1
2019-04-10,5318.6,5048.56,-270.03999999999996,0
2019-04-11,5048.56,5081.5,32.9399999999996,1
2019-04-12,5081.5,5080.66,-0.8400000000001455,0
2019-04-13,5080.66,5165.59,84.93000000000029,1
2019-04-14,5165.59,5037.27,-128.3199999999997,0
2019-04-15,5037.27,5212.81,175.53999999999996,1
2019-04-16,5212.81,5236.26,23.449999999999818,1
2019-04-17,5236.26,5289.75,53.48999999999978,1
2019-04-18,5289.75,5295.53,5.779999999999745,1
2019-04-19,5295.53,5326.18,30.650000000000546,1
2019-04-20,5326.18,5305.74,-20.44000000000051,0
2019-04-21,5305.74,5394.67,88.93000000000029,1
2019-04-22,5394.67,5539.1,144.4300000000003,1
2019-04-23,5539.1,5454.58,-84.52000000000044,0
2019-04-24,5454.58,5162.67,-291.90999999999985,0
2019-04-25,5162.67,5234.09,71.42000000000007,1
2019-04-26,5234.09,5233.47,-0.6199999999998909,0
2019-04-27,5233.47,5272.45,38.97999999999956,1
2019-04-28,5272.45,5237.96,-34.48999999999978,0
2019-04-29,5237.96,5350.64,112.68000000000029,1
2019-04-30,5350.64,5389.54,38.899999999999636,1
2019-05-01,5389.54,5500.72,111.18000000000029,1
2019-05-02,5500.72,5753.38,252.65999999999985,1
2019-05-03,5753.38,5840.08,86.69999999999982,1
2019-05-04,5840.08,5794.14,-45.9399999999996,0
2019-05-05,5794.14,5748.17,-45.970000000000255,0
2019-05-06,5748.17,5819.57,71.39999999999964,1
2019-05-07,5819.57,5998.71,179.14000000000033,1
2019-05-08,5998.71,6171.96,173.25,1
2019-05-09,6171.96,6358.29,186.32999999999993,1
2019-05-10,6358.29,7191.36,833.0699999999997,1
2019-05-11,7191.36,6977.63,-213.72999999999956,0
2019-05-12,6977.63,7806.36,828.7299999999996,1
2019-05-13,7806.36,7980.13,173.77000000000044,1
2019-05-14,7980.13,8183.83,203.69999999999982,1
2019-05-15,8183.83,7874.11,-309.72000000000025,0
2019-05-16,7874.11,7371.96,-502.14999999999964,0
2019-05-17,7371.96,7266.08,-105.88000000000011,0
2019-05-18,7266.08,8193.14,927.0599999999995,1
2019-05-19,8193.14,7998.29,-194.84999999999945,0
2019-05-20,7998.29,7947.93,-50.35999999999967,0
2019-05-21,7947.93,7626.89,-321.03999999999996,0
2019-05-22,7626.89,7876.5,249.60999999999967,1
2019-05-23,7876.5,7996.4,119.89999999999964,1
2019-05-24,7996.4,8059.13,62.73000000000047,1
2019-05-25,8059.13,8726.23,667.0999999999995,1
2019-05-26,8726.23,8785.17,58.94000000000051,1
2019-05-27,8785.17,8718.85,-66.31999999999971,0
2019-05-28,8718.85,8664.56,-54.29000000000087,0
2019-05-29,8664.56,8276.25,-388.3099999999995,0
2019-05-30,8276.25,8550.67,274.4200000000001,1
2019-05-31,8550.67,8555.87,5.200000000000728,1
2019-06-01,8555.87,8737.91,182.03999999999905,1
2019-06-02,8737.91,8114.49,-623.4200000000001,0
2019-06-03,8114.49,7677.47,-437.0199999999995,0
2019-06-04,7677.47,7791.29,113.81999999999971,1
2019-06-05,7791.29,7807.36,16.06999999999971,1
2019-06-06,7807.36,8002.63,195.27000000000044,1
2019-06-07,8002.63,7933.78,-68.85000000000036,0
2019-06-08,7933.78,7643.44,-290.34000000000015,0
2019-06-09,7643.44,8021.0,377.5600000000004,1
2019-06-10,8021.0,7917.32,-103.68000000000029,0
2019-06-11,7917.32,8174.14,256.8200000000006,1
2019-06-12,8174.14,8235.57,61.42999999999938,1
2019-06-13,8235.57,8693.96,458.3899999999994,1
2019-06-14,8693.96,8853.56,159.60000000000036,1
2019-06-15,8853.56,8979.18,125.6200000000008,1
2019-06-16,8979.18,9336.01,356.8299999999999,1
2019-06-17,9336.01,9081.71,-254.3000000000011,0
2019-06-18,9081.71,9280.54,198.83000000000175,1
2019-06-19,9280.54,9536.85,256.3099999999995,1
2019-06-20,9536.85,10218.87,682.0200000000004,1
2019-06-21,10218.87,10689.54,470.6700000000001,1
2019-06-22,10689.54,10855.99,166.4499999999989,1
2019-06-23,10855.99,11035.74,179.75,1
2019-06-24,11035.74,11740.34,704.6000000000004,1
2019-06-25,11740.34,12913.28,1172.9400000000005,1
2019-06-26,12913.28,11154.09,-1759.1900000000005,0
2019-06-27,11154.09,12355.06,1200.9699999999993,1
2019-06-28,12355.06,11884.1,-470.9599999999991,0
2019-06-29,11884.1,10769.05,-1115.050000000001,0
2019-06-30,10769.05,10591.87,-177.17999999999847,0
2019-07-01,10591.87,10844.13,252.2599999999984,1
2019-07-02,10844.13,11981.61,1137.4800000000014,1
2019-07-03,11981.61,11156.52,-825.0900000000001,0
2019-07-04,11156.52,10993.25,-163.27000000000044,0
2019-07-05,10993.25,11248.94,255.6900000000005,1
2019-07-06,11248.94,11474.28,225.34000000000015,1
2019-07-07,11474.28,12296.16,821.8799999999992,1
2019-07-08,12296.16,12567.02,270.8600000000006,1
2019-07-09,12567.02,12099.12,-467.89999999999964,0
2019-07-10,12099.12,11343.12,-756.0,0
2019-07-11,11343.12,11797.37,454.25,1
2019-07-12,11797.37,11363.97,-433.40000000000146,0
2019-07-13,11363.97,10204.41,-1159.5599999999995,0
2019-07-14,10204.41,10850.26,645.8500000000004,1
2019-07-15,10850.26,9423.44,-1426.8199999999997,0
2019-07-16,9423.44,9696.15,272.7099999999991,1
2019-07-17,9696.15,10638.35,942.2000000000007,1
2019-07-18,10638.35,10532.94,-105.40999999999985,0
2019-07-19,10532.94,10759.42,226.47999999999956,1
2019-07-20,10759.42,10586.71,-172.71000000000095,0
2019-07-21,10586.71,10325.87,-260.8399999999983,0
2019-07-22,10325.87,9854.15,-471.72000000000116,0
2019-07-23,9854.15,9772.14,-82.01000000000022,0
2019-07-24,9772.14,9882.43,110.29000000000087,1
2019-07-25,9882.43,9847.45,-34.97999999999956,0
2019-07-26,9847.45,9478.32,-369.130000000001,0
2019-07-27,9478.32,9531.77,53.45000000000073,1
2019-07-28,9531.77,9506.93,-24.840000000000146,0
2019-07-29,9506.93,9595.52,88.59000000000015,1
2019-07-30,9595.52,10089.25,493.72999999999956,1
2019-07-31,10089.25,10409.79,320.5400000000009,1
2019-08-01,10409.79,10528.99,119.19999999999891,1
2019-08-02,10528.99,10820.41,291.4200000000001,1
2019-08-03,10820.41,10978.91,158.5,1
2019-08-04,10978.91,11807.96,829.0499999999993,1
2019-08-05,11807.96,11467.1,-340.85999999999876,0
2019-08-06,11467.1,11974.28,507.1800000000003,1
2019-08-07,11974.28,11982.8,8.519999999998618,1
2019-08-08,11982.8,11865.21,-117.59000000000015,0
2019-08-09,11865.21,11293.59,-571.619999999999,0
2019-08-10,11293.59,11549.06,255.46999999999935,1
2019-08-11,11549.06,11387.41,-161.64999999999964,0
2019-08-12,11387.41,10872.0,-515.4099999999999,0
2019-08-13,10872.0,10031.89,-840.1100000000006,0
2019-08-14,10031.89,10308.51,276.6200000000008,1
2019-08-15,10308.51,10360.43,51.92000000000007,1
2019-08-16,10360.43,10220.75,-139.6800000000003,0
2019-08-17,10220.75,10326.25,105.5,1
2019-08-18,10326.25,10922.16,595.9099999999999,1
2019-08-19,10922.16,10770.76,-151.39999999999964,0
2019-08-20,10770.76,10131.67,-639.0900000000001,0
2019-08-21,10131.67,10104.11,-27.55999999999949,0
2019-08-22,10104.11,10410.49,306.3799999999992,1
2019-08-23,10410.49,10150.07,-260.4200000000001,0
2019-08-24,10150.07,10141.75,-8.319999999999709,0
2019-08-25,10141.75,10364.91,223.15999999999985,1
2019-08-26,10364.91,10175.47,-189.4400000000005,0
2019-08-27,10175.47,9722.83,-452.6399999999994,0
2019-08-28,9722.83,9492.81,-230.02000000000044,0
2019-08-29,9492.81,9587.25,94.44000000000051,1
2019-08-30,9587.25,9624.54,37.29000000000087,1
2019-08-31,9624.54,9768.36,143.8199999999997,1
2019-09-01,9768.36,10387.5,619.1399999999994,1
2019-09-02,10387.5,10625.1,237.60000000000036,1
2019-09-03,10625.1,10585.2,-39.899999999999636,0
2019-09-04,10585.2,10556.16,-29.040000000000873,0
2019-09-05,10556.16,10309.91,-246.25,0
2019-09-06,10309.91,10491.96,182.04999999999927,1
2019-09-07,10491.96,10420.88,-71.07999999999993,0
2019-09-08,10420.88,10314.88,-106.0,0
2019-09-09,10314.88,10109.46,-205.42000000000007,0
2019-09-10,10109.46,10165.01,55.55000000000109,1
2019-09-11,10165.01,10428.96,263.9499999999989,1
2019-09-12,10428.96,10372.29,-56.669999999998254,0
2019-09-13,10372.29,10365.56,-6.730000000001382,0
2019-09-14,10365.56,10313.02,-52.539999999999054,0
2019-09-15,10313.02,10271.79,-41.22999999999956,0
2019-09-16,10271.79,10198.62,-73.17000000000007,0
2019-09-17,10198.62,10163.38,-35.2400000000016,0
2019-09-18,10163.38,10281.03,117.65000000000146,1
2019-09-19,10281.03,10176.38,-104.65000000000146,0
2019-09-20,10176.38,9988.38,-188.0,0
2019-09-21,9988.38,10036.98,48.600000000000364,1
2019-09-22,10036.98,9694.6,-342.3799999999992,0
2019-09-23,9694.6,8542.54,-1152.0599999999995,0
2019-09-24,8542.54,8446.97,-95.57000000000153,0
2019-09-25,8446.97,8074.99,-371.97999999999956,0
2019-09-26,8074.99,8201.36,126.3700000000008,1
2019-09-27,8201.36,8223.65,22.289999999999054,1
2019-09-28,8223.65,8065.26,-158.38999999999942,0
2019-09-29,8065.26,8314.62,249.36000000000058,1
2019-09-30,8314.62,8326.64,12.019999999998618,1
2019-10-01,8326.64,8391.52,64.88000000000102,1
2019-10-02,8391.52,8246.3,-145.22000000000116,0
2019-10-03,8246.3,8168.05,-78.24999999999909,0
2019-10-04,8168.05,8172.48,4.4299999999993815,1
2019-10-05,8172.48,7868.31,-304.16999999999916,0
2019-10-06,7868.31,8215.11,346.8000000000002,1
2019-10-07,8215.11,8191.87,-23.24000000000069,0
2019-10-08,8191.87,8593.16,401.28999999999996,1
2019-10-09,8593.16,8596.57,3.4099999999998545,1
2019-10-10,8596.57,8278.05,-318.52000000000044,0
2019-10-11,8278.05,8316.66,38.61000000000058,1
2019-10-12,8316.66,8296.34,-20.31999999999971,0
2019-10-13,8296.34,8363.94,67.60000000000036,1
2019-10-14,8363.94,8173.48,-190.46000000000095,0
2019-10-15,8173.48,8014.39,-159.08999999999924,0
2019-10-16,8014.39,8082.46,68.06999999999971,1
2019-10-17,8082.46,7972.62,-109.84000000000015,0
2019-10-18,7972.62,7973.63,1.0100000000002183,1
2019-10-19,7973.63,8247.25,273.6199999999999,1
2019-10-20,8247.25,8223.25,-24.0,0
2019-10-21,8223.25,8034.5,-188.75,0
2019-10-22,8034.5,7479.54,-554.96,0
2019-10-23,7479.54,7444.2,-35.340000000000146,0
2019-10-24,7444.2,8671.1,1226.9000000000005,1
2019-10-25,8671.1,9258.98,587.8799999999992,1
2019-10-26,9258.98,9550.6,291.6200000000008,1
2019-10-27,9550.6,9222.23,-328.3700000000008,0
2019-10-28,9222.23,9432.86,210.63000000000102,1
2019-10-29,9432.86,9169.86,-263.0,0
2019-10-30,9169.86,9157.52,-12.340000000000146,0
2019-10-31,9157.52,9260.59,103.06999999999971,1
2019-11-01,9260.59,9311.99,51.399999999999636,1
2019-11-02,9311.99,9221.61,-90.3799999999992,0
2019-11-03,9221.61,9421.54,199.9300000000003,1
2019-11-04,9421.54,9323.61,-97.93000000000029,0
2019-11-05,9323.61,9347.27,23.659999999999854,1
2019-11-06,9347.27,9208.52,-138.75,0
2019-11-07,9208.52,8772.31,-436.21000000000095,0
2019-11-08,8772.31,8822.19,49.88000000000102,1
2019-11-09,8822.19,9045.85,223.65999999999985,1
2019-11-10,9045.85,8726.31,-319.5400000000009,0
2019-11-11,8726.31,8815.14,88.82999999999993,1
2019-11-12,8815.14,8773.82,-41.31999999999971,0
2019-11-13,8773.82,8640.42,-133.39999999999964,0
2019-11-14,8640.42,8468.57,-171.85000000000036,0
2019-11-15,8468.57,8498.94,30.3700000000008,1
2019-11-16,8498.94,8515.28,16.340000000000146,1
2019-11-17,8515.28,8190.16,-325.1200000000008,0
2019-11-18,8190.16,8133.57,-56.590000000000146,0
2019-11-19,8133.57,8093.6,-39.969999999999345,0
2019-11-20,8093.6,7632.59,-461.0100000000002,0
2019-11-21,7632.59,7292.2,-340.3900000000003,0
2019-11-22,7292.2,7339.24,47.039999999999964,1
2019-11-23,7339.24,6930.09,-409.14999999999964,0
2019-11-24,6930.09,7138.23,208.13999999999942,1
2019-11-25,7138.23,7170.11,31.88000000000011,1
2019-11-26,7170.11,7531.5,361.3900000000003,1
2019-11-27,7531.5,7442.33,-89.17000000000007,0
2019-11-28,7442.33,7769.38,327.0500000000002,1
2019-11-29,7769.38,7571.77,-197.60999999999967,0
2019-11-30,7571.77,7420.53,-151.2400000000007,0
2019-12-01,7420.53,7320.94,-99.59000000000015,0
2019-12-02,7320.94,7313.64,-7.299999999999272,0
2019-12-03,7313.64,7207.78,-105.86000000000058,0
2019-12-04,7207.78,7406.75,198.97000000000025,1
2019-12-05,7406.75,7558.58,151.82999999999993,1
2019-12-06,7558.58,7514.86,-43.720000000000255,0
2019-12-07,7514.86,7539.7,24.840000000000146,1
2019-12-08,7539.7,7350.62,-189.07999999999993,0
2019-12-09,7350.62,7233.84,-116.77999999999975,0
2019-12-10,7233.84,7212.01,-21.829999999999927,0
2019-12-11,7212.01,7199.39,-12.61999999999989,0
2019-12-12,7199.39,7261.72,62.32999999999993,1
2019-12-13,7261.72,7080.29,-181.4300000000003,0
2019-12-14,7080.29,7132.39,52.100000000000364,1
2019-12-15,7132.39,6897.33,-235.0600000000004,0
2019-12-16,6897.33,6635.84,-261.4899999999998,0
2019-12-17,6635.84,7294.53,658.6899999999996,1
2019-12-18,7294.53,7159.26,-135.26999999999953,0
2019-12-19,7159.26,7203.41,44.149999999999636,1
2019-12-20,7203.41,7159.47,-43.9399999999996,0
2019-12-21,7159.47,7517.58,358.1099999999997,1
2019-12-22,7517.58,7326.6,-190.97999999999956,0
2019-12-23,7326.6,7260.91,-65.69000000000051,0
2019-12-24,7260.91,7202.72,-58.1899999999996,0
2019-12-25,7202.72,7207.23,4.509999999999309,1
2019-12-26,7207.23,7253.82,46.590000000000146,1
2019-12-27,7253.82,7316.23,62.409999999999854,1
2019-12-28,7316.23,7399.49,83.26000000000022,1
2019-12-29,7399.49,7234.44,-165.05000000000018,0
2019-12-30,7234.44,7183.88,-50.55999999999949,0
2019-12-31,7183.88,7189.94,6.059999999999491,1
2020-01-01,7189.94,6965.72,-224.21999999999935,0
2020-01-02,6965.72,7339.7,373.97999999999956,1
2020-01-03,7339.7,7357.5,17.800000000000182,1
2020-01-04,7357.5,7359.96,2.4600000000000364,1
2020-01-05,7359.96,7762.69,402.72999999999956,1
2020-01-06,7762.69,8160.36,397.6700000000001,1
2020-01-07,8160.36,8045.15,-115.21000000000004,0
2020-01-08,8045.15,7817.35,-227.79999999999927,0
2020-01-09,7817.35,8190.31,372.96000000000004,1
2020-01-10,8190.31,8024.58,-165.73000000000047,0
2020-01-11,8024.58,8181.49,156.90999999999985,1
2020-01-12,8181.49,8106.56,-74.92999999999938,0
2020-01-13,8106.56,8820.95,714.3900000000003,1
2020-01-14,8820.95,8813.21,-7.740000000001601,0
2020-01-15,8813.21,8719.63,-93.57999999999993,0
2020-01-16,8719.63,8894.83,175.20000000000073,1
2020-01-17,8894.83,8909.28,14.450000000000728,1
2020-01-18,8909.28,8702.59,-206.6900000000005,0
2020-01-19,8702.59,8634.03,-68.55999999999949,0
2020-01-20,8634.03,8724.84,90.80999999999949,1
2020-01-21,8724.84,8667.26,-57.57999999999993,0
2020-01-22,8667.26,8394.28,-272.97999999999956,0
2020-01-23,8394.28,8431.78,37.5,1
2020-01-24,8431.78,8345.88,-85.90000000000146,0
2020-01-25,8345.88,8602.37,256.4900000000016,1
2020-01-26,8602.37,8898.94,296.5699999999997,1
2020-01-27,8898.94,9391.97,493.02999999999884,1
2020-01-28,9391.97,9286.18,-105.78999999999905,0
2020-01-29,9286.18,9501.38,215.1999999999989,1
2020-01-30,9501.38,9342.23,-159.14999999999964,0
2020-01-31,9342.23,9384.45,42.220000000001164,1
2020-02-01,9384.45,9334.25,-50.20000000000073,0
2020-02-02,9334.25,9288.96,-45.29000000000087,0
2020-02-03,9288.96,9171.98,-116.97999999999956,0
2020-02-04,9171.98,9611.42,439.4400000000005,1
2020-02-05,9611.42,9755.84,144.42000000000007,1
2020-02-06,9755.84,9808.36,52.52000000000044,1
2020-02-07,9808.36,9898.25,89.88999999999942,1
2020-02-08,9898.25,10157.78,259.53000000000065,1
2020-02-09,10157.78,9858.03,-299.75,0
2020-02-10,9858.03,10269.43,411.39999999999964,1
2020-02-11,10269.43,10347.93,78.5,1
2020-02-12,10347.93,10233.32,-114.61000000000058,0
2020-02-13,10233.32,10360.37,127.05000000000109,1
2020-02-14,10360.37,9905.43,-454.9400000000005,0
2020-02-15,9905.43,9925.51,20.079999999999927,1
2020-02-16,9925.51,9702.48,-223.03000000000065,0
2020-02-17,9702.48,10182.6,480.1200000000008,1
2020-02-18,10182.6,9602.43,-580.1700000000001,0
2020-02-19,9602.43,9608.8,6.369999999998981,1
2020-02-20,9608.8,9697.86,89.06000000000131,1
2020-02-21,9697.86,9671.46,-26.400000000001455,0
2020-02-22,9671.46,9977.39,305.9300000000003,1
2020-02-23,9977.39,9664.21,-313.1800000000003,0
2020-02-24,9664.21,9316.18,-348.02999999999884,0
2020-02-25,9316.18,8793.5,-522.6800000000003,0
2020-02-26,8793.5,8821.5,28.0,1
2020-02-27,8821.5,8719.29,-102.20999999999913,0
2020-02-28,8719.29,8545.45,-173.84000000000015,0
2020-02-29,8545.45,8549.38,3.929999999998472,1
2020-03-01,8549.38,8919.74,370.3600000000006,1
2020-03-02,8919.74,8765.68,-154.0599999999995,0
2020-03-03,8765.68,8773.78,8.100000000000364,1
2020-03-04,8773.78,9074.82,301.03999999999905,1
2020-03-05,9074.82,9160.39,85.56999999999971,1
2020-03-06,9160.39,8903.72,-256.6700000000001,0
2020-03-07,8903.72,8057.67,-846.0499999999993,0
2020-03-08,8057.67,7944.4,-113.27000000000044,0
2020-03-09,7944.4,7894.66,-49.73999999999978,0
2020-03-10,7894.66,7945.36,50.69999999999982,1
2020-03-11,7945.36,4916.78,-3028.58,0
2020-03-12,4916.78,5632.58,715.8000000000002,1
2020-03-13,5632.58,5181.77,-450.8099999999995,0
2020-03-14,5181.77,5357.02,175.25,1
2020-03-15,5357.02,5045.0,-312.02000000000044,0
2020-03-16,5045.0,5337.66,292.65999999999985,1
2020-03-17,5337.66,5413.06,75.40000000000055,1
2020-03-18,5413.06,6184.88,771.8199999999997,1
2020-03-19,6184.88,6206.44,21.55999999999949,1
2020-03-20,6206.44,6195.43,-11.009999999999309,0
2020-03-21,6195.43,5828.15,-367.28000000000065,0
2020-03-22,5828.15,6503.53,675.3800000000001,1
2020-03-23,6503.53,6767.18,263.65000000000055,1
2020-03-24,6767.18,6694.21,-72.97000000000025,0
2020-03-25,6694.21,6757.95,63.73999999999978,1
2020-03-26,6757.95,6382.8,-375.14999999999964,0
2020-03-27,6382.8,6252.49,-130.3100000000004,0
2020-03-28,6252.49,5882.2,-370.28999999999996,0
2020-03-29,5882.2,6403.31,521.1100000000006,1
2020-03-30,6403.31,6423.61,20.299999999999272,1
2020-03-31,6423.61,6663.63,240.02000000000044,1
2020-04-01,6663.63,6804.42,140.78999999999996,1
2020-04-02,6804.42,6743.68,-60.73999999999978,0
2020-04-03,6743.68,6875.95,132.26999999999953,1
2020-04-04,6875.95,6781.64,-94.30999999999949,0
2020-04-05,6781.64,7347.22,565.5799999999999,1
2020-04-06,7347.22,7201.57,-145.65000000000055,0
2020-04-07,7201.57,7367.37,165.80000000000018,1
2020-04-08,7367.37,7294.55,-72.81999999999971,0
2020-04-09,7294.55,6876.49,-418.0600000000004,0
2020-04-10,6876.49,6887.6,11.110000000000582,1
2020-04-11,6887.6,6913.76,26.159999999999854,1
2020-04-12,6913.76,6859.43,-54.32999999999993,0
2020-04-13,6859.43,6879.44,20.00999999999931,1
2020-04-14,6879.44,6629.54,-249.89999999999964,0
2020-04-15,6629.54,7114.55,485.0100000000002,1
2020-04-16,7114.55,7037.12,-77.43000000000029,0
2020-04-17,7037.12,7264.29,227.17000000000007,1
2020-04-18,7264.29,7132.88,-131.40999999999985,0
2020-04-19,7132.88,6842.45,-290.4300000000003,0
2020-04-20,6842.45,6855.11,12.659999999999854,1
2020-04-21,6855.11,7135.41,280.3000000000002,1
2020-04-22,7135.41,7489.25,353.84000000000015,1
2020-04-23,7489.25,7509.44,20.1899999999996,1
2020-04-24,7509.44,7546.92,37.48000000000047,1
2020-04-25,7546.92,7701.35,154.4300000000003,1
2020-04-26,7701.35,7787.41,86.05999999999949,1
2020-04-27,7787.41,7760.32,-27.090000000000146,0
2020-04-28,7760.32,8784.96,1024.6399999999994,1
2020-04-29,8784.96,8637.56,-147.39999999999964,0
2020-04-30,8637.56,8829.12,191.5600000000013,1
2020-05-01,8829.12,8981.11,151.98999999999978,1
2020-05-02,8981.11,8907.19,-73.92000000000007,0
2020-05-03,8907.19,8881.65,-25.540000000000873,0
2020-05-04,8881.65,9029.75,148.10000000000036,1
2020-05-05,9029.75,9153.2,123.45000000000073,1
2020-05-06,9153.2,9999.93,846.7299999999996,1
2020-05-07,9999.93,9808.18,-191.75,0
2020-05-08,9808.18,9541.13,-267.0500000000011,0
2020-05-09,9541.13,8735.05,-806.0799999999999,0
2020-05-10,8735.05,8568.88,-166.17000000000007,0
2020-05-11,8568.88,8821.18,252.3000000000011,1
2020-05-12,8821.18,9317.44,496.2600000000002,1
2020-05-13,9317.44,9793.19,475.75,1
2020-05-14,9793.19,9311.69,-481.5,0
2020-05-15,9311.69,9387.08,75.38999999999942,1
2020-05-16,9387.08,9670.56,283.47999999999956,1
2020-05-17,9670.56,9722.73,52.17000000000007,1
2020-05-18,9722.73,9780.2,57.470000000001164,1
2020-05-19,9780.2,9509.45,-270.75,0
2020-05-20,9509.45,9059.11,-450.34000000000015,0
2020-05-21,9059.11,9170.74,111.6299999999992,1
2020-05-22,9170.74,9186.19,15.450000000000728,1
2020-05-23,9186.19,8718.49,-467.7000000000007,0
2020-05-24,8718.49,8901.48,182.98999999999978,1
2020-05-25,8901.48,8844.5,-56.97999999999956,0
2020-05-26,8844.5,9204.62,360.1200000000008,1
2020-05-27,9204.62,9579.71,375.0899999999983,1
2020-05-28,9579.71,9424.62,-155.08999999999833,0
2020-05-29,9424.62,9699.78,275.15999999999985,1
2020-05-30,9699.78,9450.47,-249.3100000000013,0
2020-05-31,9450.47,10211.23,760.7600000000002,1
2020-06-01,10211.23,9523.75,-687.4799999999996,0
2020-06-02,9523.75,9666.06,142.3099999999995,1
2020-06-03,9666.06,9794.55,128.48999999999978,1
2020-06-04,9794.55,9622.02,-172.52999999999884,0
2020-06-05,9622.02,9671.46,49.43999999999869,1
2020-06-06,9671.46,9750.7,79.2400000000016,1
2020-06-07,9750.7,9782.58,31.8799999999992,1
2020-06-08,9782.58,9779.7,-2.8799999999991996,0
2020-06-09,9779.7,9891.84,112.13999999999942,1
2020-06-10,9891.84,9268.13,-623.710000000001,0
2020-06-11,9268.13,9464.23,196.10000000000036,1
2020-06-12,9464.23,9474.65,10.420000000000073,1
2020-06-13,9474.65,9333.7,-140.9499999999989,0
2020-06-14,9333.7,9429.65,95.94999999999891,1
2020-06-15,9429.65,9526.7,97.05000000000109,1
2020-06-16,9526.7,9459.13,-67.57000000000153,0
2020-06-17,9459.13,9380.67,-78.45999999999913,0
2020-06-18,9380.67,9301.83,-78.84000000000015,0
2020-06-19,9301.83,9359.18,57.350000000000364,1
2020-06-20,9359.18,9292.81,-66.3700000000008,0
2020-06-21,9292.81,9691.61,398.8000000000011,1
2020-06-22,9691.61,9624.3,-67.31000000000131,0
2020-06-23,9624.3,9292.94,-331.35999999999876,0
2020-06-24,9292.94,9241.32,-51.6200000000008,0
2020-06-25,9241.32,9158.07,-83.25,0
2020-06-26,9158.07,9007.14,-150.9300000000003,0
2020-06-27,9007.14,9120.39,113.25,1
2020-06-28,9120.39,9187.07,66.68000000000029,1
2020-06-29,9187.07,9136.47,-50.600000000000364,0
2020-06-30,9136.47,9238.89,102.42000000000007,1
2020-07-01,9238.89,9092.8,-146.09000000000015,0
2020-07-02,9092.8,9066.46,-26.340000000000146,0
2020-07-03,9066.46,9142.2,75.7400000000016,1
2020-07-04,9142.2,9081.44,-60.76000000000022,0
2020-07-05,9081.44,9347.05,265.60999999999876,1
2020-07-06,9347.05,9257.32,-89.72999999999956,0
2020-07-07,9257.32,9439.2,181.88000000000102,1
2020-07-08,9439.2,9238.95,-200.25,0
2020-07-09,9238.95,9288.57,49.61999999999898,1
2020-07-10,9288.57,9237.13,-51.44000000000051,0
2020-07-11,9237.13,9300.95,63.82000000000153,1
2020-07-12,9300.95,9237.89,-63.06000000000131,0
2020-07-13,9237.89,9256.07,18.18000000000029,1
2020-07-14,9256.07,9193.22,-62.850000000000364,0
2020-07-15,9193.22,9133.23,-59.98999999999978,0
2020-07-16,9133.23,9156.79,23.56000000000131,1
2020-07-17,9156.79,9177.22,20.429999999998472,1
2020-07-18,9177.22,9216.02,38.80000000000109,1
2020-07-19,9216.02,9164.42,-51.600000000000364,0
2020-07-20,9164.42,9392.83,228.40999999999985,1
2020-07-21,9392.83,9537.24,144.40999999999985,1
2020-07-22,9537.24,9615.21,77.96999999999935,1
2020-07-23,9615.21,9550.23,-64.97999999999956,0
2020-07-24,9550.23,9708.41,158.1800000000003,1
2020-07-25,9708.41,9942.01,233.60000000000036,1
2020-07-26,9942.01,11042.94,1100.9300000000003,1
2020-07-27,11042.94,10933.26,-109.68000000000029,0
2020-07-28,10933.26,11112.04,178.78000000000065,1
2020-07-29,11112.04,11113.66,1.6199999999989814,1
2020-07-30,11113.66,11352.72,239.0599999999995,1
2020-07-31,11352.72,11812.42,459.7000000000007,1
2020-08-01,11812.42,11063.5,-748.9200000000001,0
2020-08-02,11063.5,11234.73,171.22999999999956,1
2020-08-03,11234.73,11194.18,-40.54999999999927,0
2020-08-04,11194.18,11752.05,557.869999999999,1
2020-08-05,11752.05,11771.27,19.220000000001164,1
2020-08-06,11771.27,11603.82,-167.45000000000073,0
2020-08-07,11603.82,11770.77,166.95000000000073,1
2020-08-08,11770.77,11686.34,-84.43000000000029,0
2020-08-09,11686.34,11897.41,211.0699999999997,1
2020-08-10,11897.41,11389.01,-508.39999999999964,0
2020-08-11,11389.01,11570.19,181.1800000000003,1
2020-08-12,11570.19,11790.68,220.48999999999978,1
2020-08-13,11790.68,11774.52,-16.159999999999854,0
2020-08-14,11774.52,11860.91,86.38999999999942,1
2020-08-15,11860.91,11917.97,57.05999999999949,1
2020-08-16,11917.97,12301.19,383.22000000000116,1
2020-08-17,12301.19,11956.69,-344.5,0
2020-08-18,11956.69,11760.37,-196.3199999999997,0
2020-08-19,11760.37,11863.43,103.05999999999949,1
2020-08-20,11863.43,11527.35,-336.0799999999999,0
2020-08-21,11527.35,11670.42,143.0699999999997,1
2020-08-22,11670.42,11651.52,-18.899999999999636,0
2020-08-23,11651.52,11756.4,104.8799999999992,1
2020-08-24,11756.4,11330.56,-425.84000000000015,0
2020-08-25,11330.56,11466.89,136.32999999999993,1
2020-08-26,11466.89,11331.02,-135.86999999999898,0
2020-08-27,11331.02,11535.21,204.1899999999987,1
2020-08-28,11535.21,11480.48,-54.72999999999956,0
2020-08-29,11480.48,11716.54,236.0600000000013,1
2020-08-30,11716.54,11657.81,-58.73000000000138,0
2020-08-31,11657.81,11926.69,268.880000000001,1
2020-09-01,11926.69,11397.9,-528.7900000000009,0
2020-09-02,11397.9,10174.62,-1223.2799999999988,0
2020-09-03,10174.62,10467.33,292.7099999999991,1
2020-09-04,10467.33,10167.97,-299.3600000000006,0
2020-09-05,10167.97,10260.37,92.40000000000146,1
2020-09-06,10260.37,10379.08,118.70999999999913,1
2020-09-07,10379.08,10128.54,-250.53999999999905,0
2020-09-08,10128.54,10228.85,100.30999999999949,1
2020-09-09,10228.85,10345.68,116.82999999999993,1
2020-09-10,10345.68,10398.5,52.81999999999971,1
2020-09-11,10398.5,10448.0,49.5,1
2020-09-12,10448.0,10332.36,-115.63999999999942,0
2020-09-13,10332.36,10678.31,345.9499999999989,1
2020-09-14,10678.31,10786.7,108.39000000000124,1
2020-09-15,10786.7,10957.1,170.39999999999964,1
2020-09-16,10957.1,10945.14,-11.960000000000946,0
2020-09-17,10945.14,10937.89,-7.25,0
2020-09-18,10937.89,11083.61,145.72000000000116,1
2020-09-19,11083.61,10921.85,-161.76000000000022,0
2020-09-20,10921.85,10418.14,-503.71000000000095,0
2020-09-21,10418.14,10534.73,116.59000000000015,1
2020-09-22,10534.73,10238.09,-296.6399999999994,0
2020-09-23,10238.09,10742.98,504.8899999999994,1
2020-09-24,10742.98,10694.12,-48.85999999999876,0
2020-09-25,10694.12,10734.23,40.10999999999876,1
2020-09-26,10734.23,10781.47,47.23999999999978,1
2020-09-27,10781.47,10699.0,-82.46999999999935,0
2020-09-28,10699.0,10841.29,142.29000000000087,1
2020-09-29,10841.29,10779.42,-61.8700000000008,0
2020-09-30,10779.42,10622.79,-156.6299999999992,0
2020-10-01,10622.79,10576.64,-46.150000000001455,0
2020-10-02,10576.64,10552.04,-24.599999999998545,0
2020-10-03,10552.04,10675.52,123.47999999999956,1
2020-10-04,10675.52,10795.11,119.59000000000015,1
2020-10-05,10795.11,10603.9,-191.21000000000095,0
2020-10-06,10603.9,10672.67,68.77000000000044,1
2020-10-07,10672.67,10929.4,256.72999999999956,1
2020-10-08,10929.4,11058.78,129.38000000000102,1
2020-10-09,11058.78,11301.57,242.78999999999905,1
2020-10-10,11301.57,11375.51,73.94000000000051,1
2020-10-11,11375.51,11539.76,164.25,1
2020-10-12,11539.76,11427.29,-112.46999999999935,0
2020-10-13,11427.29,11429.3,2.0099999999983993,1
2020-10-14,11429.3,11508.31,79.01000000000022,1
2020-10-15,11508.31,11326.25,-182.0599999999995,0
2020-10-16,11326.25,11367.65,41.399999999999636,1
2020-10-17,11367.65,11513.33,145.6800000000003,1
2020-10-18,11513.33,11756.88,243.54999999999927,1
2020-10-19,11756.88,11921.78,164.90000000000146,1
2020-10-20,11921.78,12813.11,891.3299999999999,1
2020-10-21,12813.11,12990.25,177.13999999999942,1
2020-10-22,12990.25,12937.2,-53.04999999999927,0
2020-10-23,12937.2,13126.13,188.92999999999847,1
2020-10-24,13126.13,13041.21,-84.92000000000007,0
2020-10-25,13041.21,13069.43,28.220000000001164,1
2020-10-26,13069.43,13646.02,576.5900000000001,1
2020-10-27,13646.02,13285.97,-360.0500000000011,0
2020-10-28,13285.97,13462.18,176.21000000000095,1
2020-10-29,13462.18,13565.95,103.77000000000044,1
2020-10-30,13565.95,13803.41,237.45999999999913,1
2020-10-31,13803.41,13761.72,-41.69000000000051,0
2020-11-01,13761.72,13571.24,-190.47999999999956,0
2020-11-02,13571.24,14023.78,452.5400000000009,1
2020-11-03,14023.78,14157.73,133.9499999999989,1
2020-11-04,14157.73,15599.92,1442.1900000000005,1
2020-11-05,15599.92,15590.62,-9.299999999999272,0
2020-11-06,15590.62,14838.16,-752.460000000001,0
2020-11-07,14838.16,15488.25,650.0900000000001,1
2020-11-08,15488.25,15335.03,-153.21999999999935,0
2020-11-09,15335.03,15313.73,-21.30000000000109,0
2020-11-10,15313.73,15707.08,393.35000000000036,1
2020-11-11,15707.08,16306.53,599.4500000000007,1
2020-11-12,16306.53,16332.85,26.31999999999971,1
2020-11-13,16332.85,16075.95,-256.89999999999964,0
2020-11-14,16075.95,15964.7,-111.25,0
2020-11-15,15964.7,16721.46,756.7599999999984,1
2020-11-16,16721.46,17681.54,960.0800000000017,1
2020-11-17,17681.54,17786.27,104.72999999999956,1
2020-11-18,17786.27,17824.64,38.36999999999898,1
2020-11-19,17824.64,18672.78,848.1399999999994,1
2020-11-20,18672.78,18704.06,31.280000000002474,1
2020-11-21,18704.06,18430.59,-273.47000000000116,0
2020-11-22,18430.59,18385.74,-44.849999999998545,0
2020-11-23,18385.74,19157.16,771.4199999999983,1
2020-11-24,19157.16,18725.76,-431.40000000000146,0
2020-11-25,18725.76,17175.86,-1549.8999999999978,0
2020-11-26,17175.86,17155.0,-20.860000000000582,0
2020-11-27,17155.0,17739.9,584.9000000000015,1
2020-11-28,17739.9,18199.23,459.3299999999981,1
2020-11-29,18199.23,19686.87,1487.6399999999994,1
2020-11-30,19686.87,18792.03,-894.8400000000001,0
2020-12-01,18792.03,19226.19,434.15999999999985,1
2020-12-02,19226.19,19448.44,222.25,1
2020-12-03,19448.44,18665.0,-783.4399999999987,0
2020-12-04,18665.0,19156.84,491.84000000000015,1
2020-12-05,19156.84,19378.94,222.09999999999854,1
2020-12-06,19378.94,19181.41,-197.52999999999884,0
2020-12-07,19181.41,18323.52,-857.8899999999994,0
2020-12-08,18323.52,18549.92,226.39999999999782,1
2020-12-09,18549.92,18250.47,-299.4499999999971,0
2020-12-10,18250.47,18034.86,-215.61000000000058,0
2020-12-11,18034.86,18814.98,780.119999999999,1
2020-12-12,18814.98,19169.05,354.0699999999997,1
2020-12-13,19169.05,19274.69,105.63999999999942,1
2020-12-14,19274.69,19441.96,167.27000000000044,1
2020-12-15,19441.96,21352.13,1910.170000000002,1
2020-12-16,21352.13,22822.17,1470.0399999999972,1
2020-12-17,22822.17,23135.57,313.40000000000146,1
2020-12-18,23135.57,23844.72,709.1500000000015,1
2020-12-19,23844.72,23467.06,-377.65999999999985,0
2020-12-20,23467.06,22727.13,-739.9300000000003,0
2020-12-21,22727.13,23823.32,1096.1899999999987,1
2020-12-22,23823.32,23239.5,-583.8199999999997,0
2020-12-23,23239.5,23724.2,484.7000000000007,1
2020-12-24,23724.2,24707.98,983.7799999999988,1
2020-12-25,24707.98,26445.7,1737.7200000000012,1
2020-12-26,26445.7,26249.27,-196.4300000000003,0
2020-12-27,26249.27,27039.45,790.1800000000003,1
2020-12-28,27039.45,27360.78,321.3299999999981,1
2020-12-29,27360.78,28889.61,1528.8300000000017,1
2020-12-30,28889.61,28972.4,82.79000000000087,1
2020-12-31,28972.4,29388.94,416.53999999999724,1
2021-01-01,29388.94,32203.64,2814.7000000000007,1
2021-01-02,32203.64,33063.48,859.8400000000038,1
2021-01-03,33063.48,32030.55,-1032.930000000004,0
2021-01-04,32030.55,34038.29,2007.7400000000016,1
2021-01-05,34038.29,36849.86,2811.5699999999997,1
2021-01-06,36849.86,39479.41,2629.550000000003,1
2021-01-07,39479.41,40636.24,1156.8299999999945,1
2021-01-08,40636.24,40236.66,-399.57999999999447,0
2021-01-09,40236.66,38202.08,-2034.5800000000017,0
2021-01-10,38202.08,35496.03,-2706.050000000003,0
2021-01-11,35496.03,34058.4,-1437.6299999999974,0
2021-01-12,34058.4,37380.85,3322.449999999997,1
2021-01-13,37380.85,39155.58,1774.7300000000032,1
2021-01-14,39155.58,36790.17,-2365.4100000000035,0
2021-01-15,36790.17,36025.26,-764.9099999999962,0
2021-01-16,36025.26,35839.51,-185.75,0
2021-01-17,35839.51,36623.04,783.5299999999988,1
2021-01-18,36623.04,35932.79,-690.25,0
2021-01-19,35932.79,35501.38,-431.4100000000035,0
2021-01-20,35501.38,30840.3,-4661.079999999998,0
2021-01-21,30840.3,33008.02,2167.7199999999975,1
2021-01-22,33008.02,32107.29,-900.7299999999959,0
2021-01-23,32107.29,32284.95,177.65999999999985,1
2021-01-24,32284.95,32275.27,-9.680000000000291,0
2021-01-25,32275.27,32516.52,241.25,1
2021-01-26,32516.52,30423.05,-2093.470000000001,0
2021-01-27,30423.05,33443.87,3020.8200000000033,1
2021-01-28,33443.87,34252.08,808.2099999999991,1
2021-01-29,34252.08,34317.82,65.73999999999796,1
2021-01-30,34317.82,33143.22,-1174.5999999999985,0
2021-01-31,33143.22,33535.94,392.72000000000116,1
2021-02-01,33535.94,35524.43,1988.489999999998,1
2021-02-02,35524.43,37677.34,2152.909999999996,1
2021-02-03,37677.34,36983.42,-693.9199999999983,0
2021-02-04,36983.42,38310.24,1326.8199999999997,1
2021-02-05,38310.24,39267.01,956.7700000000041,1
2021-02-06,39267.01,38868.82,-398.1900000000023,0
2021-02-07,38868.82,46437.41,7568.590000000004,1
2021-02-08,46437.41,46509.57,72.15999999999622,1
2021-02-09,46509.57,44854.95,-1654.6200000000026,0
2021-02-10,44854.95,48006.18,3151.230000000003,1
2021-02-11,48006.18,47435.54,-570.6399999999994,0
2021-02-12,47435.54,47222.32,-213.22000000000116,0
2021-02-13,47222.32,48652.87,1430.550000000003,1
2021-02-14,48652.87,47936.51,-716.3600000000006,0
2021-02-15,47936.51,49184.63,1248.1199999999953,1
2021-02-16,49184.63,52154.91,2970.280000000006,1
2021-02-17,52154.91,51591.61,-563.3000000000029,0
2021-02-18,51591.61,55933.47,4341.860000000001,1
2021-02-19,55933.47,55900.84,-32.63000000000466,0
2021-02-20,55900.84,57469.95,1569.1100000000006,1
2021-02-21,57469.95,54121.17,-3348.779999999999,0
2021-02-22,54121.17,48898.7,-5222.470000000001,0
2021-02-23,48898.7,49738.17,839.4700000000012,1
2021-02-24,49738.17,47082.87,-2655.2999999999956,0
2021-02-25,47082.87,46324.5,-758.3700000000026,0
2021-02-26,46324.5,46191.39,-133.11000000000058,0
2021-02-27,46191.39,45261.03,-930.3600000000006,0
2021-02-28,45261.03,49635.07,4374.040000000001,1
2021-03-01,49635.07,48501.21,-1133.8600000000006,0
2021-03-02,48501.21,50392.55,1891.3400000000038,1
2021-03-03,50392.55,48363.74,-2028.810000000005,0
2021-03-04,48363.74,48775.37,411.63000000000466,1
2021-03-05,48775.37,48892.8,117.43000000000029,1
2021-03-06,48892.8,50964.18,2071.3799999999974,1
2021-03-07,50964.18,52405.02,1440.8399999999965,1
2021-03-08,52405.02,54928.7,2523.6800000000003,1
2021-03-09,54928.7,55893.31,964.6100000000006,1
2021-03-10,55893.31,57809.41,1916.1000000000058,1
2021-03-11,57809.41,57256.22,-553.1900000000023,0
2021-03-12,57256.22,61179.79,3923.5699999999997,1
2021-03-13,61179.79,58998.89,-2180.9000000000015,0
2021-03-14,58998.89,55665.01,-3333.8799999999974,0
2021-03-15,55665.01,56925.01,1260.0,1
2021-03-16,56925.01,58909.0,1983.989999999998,1
2021-03-17,58909.0,57643.32,-1265.6800000000003,0
2021-03-18,57643.32,58060.21,416.8899999999994,1
2021-03-19,58060.21,58101.34,41.12999999999738,1
2021-03-20,58101.34,57374.95,-726.3899999999994,0
2021-03-21,57374.95,54095.36,-3279.5899999999965,0
2021-03-22,54095.36,54355.45,260.0899999999965,1
2021-03-23,54355.45,52303.02,-2052.4300000000003,0
2021-03-24,52303.02,51336.09,-966.9300000000003,0
2021-03-25,51336.09,55055.43,3719.340000000004,1
2021-03-26,55055.43,55863.73,808.3000000000029,1
2021-03-27,55863.73,55781.01,-82.72000000000116,0
2021-03-28,55781.01,57626.1,1845.0899999999965,1
2021-03-29,57626.1,58781.54,1155.4400000000023,1
2021-03-30,58781.54,58793.8,12.260000000002037,1
2021-03-31,58793.8,58730.82,-62.9800000000032,0
2021-04-01,58730.82,58987.8,256.9800000000032,1
2021-04-02,58987.8,57074.97,-1912.8300000000017,0
2021-04-03,57074.97,58219.43,1144.4599999999991,1
2021-04-04,58219.43,59119.56,900.1299999999974,1
2021-04-05,59119.56,58010.35,-1109.2099999999991,0
2021-04-06,58010.35,55951.98,-2058.3699999999953,0
2021-04-07,55951.98,58084.46,2132.479999999996,1
2021-04-08,58084.46,58106.85,22.389999999999418,1
2021-04-09,58106.85,59784.8,1677.9500000000044,1
2021-04-10,59784.8,59980.45,195.64999999999418,1
2021-04-11,59980.45,59845.76,-134.68999999999505,0
2021-04-12,59845.76,63558.48,3712.720000000001,1
2021-04-13,63558.48,62964.27,-594.2100000000064,0
2021-04-14,62964.27,63233.03,268.76000000000204,1
2021-04-15,63233.03,61416.41,-1816.6199999999953,0
2021-04-16,61416.41,60056.07,-1360.3400000000038,0
2021-04-17,60056.07,56246.82,-3809.25,0
2021-04-18,56246.82,55680.11,-566.7099999999991,0
2021-04-19,55680.11,56496.06,815.9499999999971,1
2021-04-20,56496.06,53803.25,-2692.8099999999977,0
2021-04-21,53803.25,51717.61,-2085.6399999999994,0
2021-04-22,51717.61,51178.03,-539.5800000000017,0
2021-04-23,51178.03,50115.99,-1062.0400000000009,0
2021-04-24,50115.99,49120.97,-995.0199999999968,0
2021-04-25,49120.97,54062.29,4941.32,1
2021-04-26,54062.29,55073.48,1011.1900000000023,1
2021-04-27,55073.48,54877.94,-195.54000000000087,0
2021-04-28,54877.94,53581.58,-1296.3600000000006,0
2021-04-29,53581.58,57757.97,4176.389999999999,1
2021-04-30,57757.97,57843.16,85.19000000000233,1
2021-05-01,57843.16,56623.51,-1219.6500000000015,0
2021-05-02,56623.51,57199.7,576.189999999995,1
2021-05-03,57195.07,53244.07,-3951.0,0
2021-05-04,53244.07,57506.88,4262.809999999998,1
2021-05-05,57506.88,56441.94,-1064.939999999995,0
2021-05-06,56441.94,57374.33,932.3899999999994,1
2021-05-07,57374.33,58943.13,1568.7999999999956,1
2021-05-08,58943.13,58294.18,-648.9499999999971,0
2021-05-09,58294.18,55870.01,-2424.1699999999983,0
2021-05-10,55870.01,56747.52,877.5099999999948,1
2021-05-11,56747.52,49504.08,-7243.439999999995,0
2021-05-12,49504.08,49700.6,196.5199999999968,1
2021-05-13,49700.6,49887.96,187.36000000000058,1
2021-05-14,49887.96,46775.29,-3112.6699999999983,0
2021-05-15,46775.29,46490.71,-284.58000000000175,0
2021-05-16,46490.71,43552.14,-2938.5699999999997,0
2021-05-17,43552.14,42886.02,-666.1200000000026,0
2021-05-18,42886.02,36771.87,-6114.149999999994,0
2021-05-19,36771.87,40597.4,3825.529999999999,1
2021-05-20,40597.4,37350.39,-3247.010000000002,0
2021-05-21,37350.39,37491.5,141.11000000000058,1
2021-05-22,37491.5,34716.84,-2774.6600000000035,0
2021-05-23,34716.84,38837.76,4120.9200000000055,1
2021-05-24,38837.76,38387.36,-450.40000000000146,0
2021-05-25,38387.36,39295.08,907.7200000000012,1
2021-05-26,39295.08,38538.84,-756.2400000000052,0
2021-05-27,38538.84,35680.92,-2857.9199999999983,0
2021-05-28,35680.92,34611.58,-1069.3399999999965,0
2021-05-29,34611.58,35662.59,1051.0099999999948,1
2021-05-30,35662.59,37290.83,1628.2400000000052,1
2021-05-31,37290.83,36683.51,-607.3199999999997,0
2021-06-01,36683.51,37576.98,893.4700000000012,1
2021-06-02,37576.98,39229.66,1652.6800000000003,1
2021-06-03,39229.66,36861.5,-2368.1600000000035,0
2021-06-04,36861.5,35538.4,-1323.0999999999985,0
2021-06-05,35538.4,35798.57,260.16999999999825,1
2021-06-06,35798.57,33582.86,-2215.709999999999,0
2021-06-07,33582.86,33409.38,-173.4800000000032,0
2021-06-08,33409.38,37391.58,3982.2000000000044,1
2021-06-09,37391.58,36680.78,-710.8000000000029,0
2021-06-10,36680.78,37339.98,659.2000000000044,1
2021-06-11,37339.98,35541.78,-1798.2000000000044,0
2021-06-12,35541.78,39017.37,3475.590000000004,1
2021-06-13,39017.37,40526.63,1509.2599999999948,1
2021-06-14,40526.63,40161.86,-364.7699999999968,0
2021-06-15,40161.86,38345.41,-1816.449999999997,0
2021-06-16,38345.41,38082.3,-263.1100000000006,0
2021-06-17,38082.3,35830.29,-2252.010000000002,0
2021-06-18,35830.29,35515.38,-314.9100000000035,0
2021-06-19,35515.38,35602.26,86.88000000000466,1
2021-06-20,35602.26,31652.62,-3949.640000000003,0
2021-06-21,31652.62,32537.58,884.9600000000028,1
2021-06-22,32537.58,33678.64,1141.0599999999977,1
2021-06-23,33678.64,34649.84,971.1999999999971,1
2021-06-24,34649.84,31593.86,-3055.979999999996,0
2021-06-25,31593.86,32307.35,713.489999999998,1
2021-06-26,32307.35,34713.81,2406.459999999999,1
2021-06-27,34713.81,34487.11,-226.6999999999971,0
2021-06-28,34487.11,35901.41,1414.300000000003,1
2021-06-29,35901.41,35056.39,-845.0200000000041,0
2021-06-30,35056.39,33543.11,-1513.2799999999988,0
2021-07-01,33543.11,33804.54,261.4300000000003,1
2021-07-02,33804.54,34682.84,878.2999999999956,1
2021-07-03,34682.84,35287.97,605.1300000000047,1
2021-07-04,35287.97,33702.79,-1585.1800000000003,0
2021-07-05,33702.79,34237.66,534.8700000000026,1
2021-07-06,34237.66,33880.79,-356.8700000000026,0
2021-07-07,33880.79,32874.01,-1006.7799999999988,0
2021-07-08,32874.01,33804.2,930.189999999995,1
2021-07-09,33804.2,33515.13,-289.0699999999997,0
2021-07-10,33515.13,34249.3,734.1700000000055,1
2021-07-11,34249.3,33088.51,-1160.7900000000009,0
2021-07-12,33088.51,32737.47,-351.0400000000009,0
2021-07-13,32737.47,32820.5,83.02999999999884,1
2021-07-14,32820.5,31867.46,-953.0400000000009,0
2021-07-15,31867.46,31401.76,-465.7000000000007,0
2021-07-16,31401.76,31546.64,144.88000000000102,1
2021-07-17,31546.64,31806.3,259.65999999999985,1
2021-07-18,31806.3,30847.55,-958.75,0
2021-07-19,30847.55,29795.55,-1052.0,0
2021-07-20,29795.55,32139.48,2343.9300000000003,1
2021-07-21,32139.48,32299.47,159.9900000000016,1
2021-07-22,32299.47,33637.92,1338.449999999997,1
2021-07-23,33637.92,34282.56,644.6399999999994,1
2021-07-24,34282.56,35369.93,1087.3700000000026,1
2021-07-25,35369.93,37269.52,1899.5899999999965,1
2021-07-26,37269.52,39496.69,2227.1700000000055,1
2021-07-27,39496.69,40030.01,533.3199999999997,1
2021-07-28,40030.01,40030.52,0.5099999999947613,1
2021-07-29,40030.52,42231.83,2201.310000000005,1
2021-07-30,42231.83,41474.72,-757.1100000000006,0
2021-07-31,41474.72,39870.76,-1603.9599999999991,0
2021-08-01,39870.76,39158.53,-712.2300000000032,0
2021-08-02,39158.53,38189.3,-969.2299999999959,0
2021-08-03,38189.3,39738.56,1549.2599999999948,1
2021-08-04,39738.56,40888.18,1149.6200000000026,1
2021-08-05,40888.18,42852.18,1964.0,1
2021-08-06,42852.18,44617.96,1765.7799999999988,1
2021-08-07,44617.96,43827.75,-790.2099999999991,0
2021-08-08,43827.75,46292.61,2464.8600000000006,1
2021-08-09,46292.61,45601.03,-691.5800000000017,0
2021-08-10,45601.03,45556.69,-44.33999999999651,0
2021-08-11,45556.69,44425.52,-1131.1700000000055,0
2021-08-12,44425.52,47832.93,3407.4100000000035,1
2021-08-13,47832.93,47102.03,-730.9000000000015,0
2021-08-14,47102.03,47015.94,-86.08999999999651,0
2021-08-15,47015.94,45927.4,-1088.5400000000009,0
2021-08-16,45927.4,44684.43,-1242.9700000000012,0
2021-08-17,44684.43,44714.54,30.110000000000582,1
2021-08-18,44714.54,46761.49,2046.949999999997,1
2021-08-19,46761.49,49336.45,2574.959999999999,1
2021-08-20,49336.45,48867.87,-468.57999999999447,0
2021-08-21,48867.87,49289.71,421.8399999999965,1
2021-08-22,49289.71,49521.06,231.34999999999854,1
2021-08-23,49521.06,47690.54,-1830.5199999999968,0
2021-08-24,47690.54,48996.44,1305.9000000000015,1
2021-08-25,48996.44,46852.22,-2144.220000000001,0
2021-08-26,46852.22,49088.1,2235.8799999999974,1
2021-08-27,49088.1,48918.9,-169.1999999999971,0
2021-08-28,48918.9,48794.26,-124.63999999999942,0
2021-08-29,48794.26,46993.31,-1800.9500000000044,0
2021-08-30,46993.31,47159.26,165.95000000000437,1
2021-08-31,47159.26,48840.01,1680.75,1
2021-09-01,48840.01,49280.77,440.75999999999476,1
2021-09-02,49280.77,50019.51,738.7400000000052,1
2021-09-03,50019.51,49935.29,-84.22000000000116,0
2021-09-04,49935.29,51784.16,1848.8700000000026,1
2021-09-05,51784.16,52693.32,909.1599999999962,1
2021-09-06,52693.32,46856.31,-5837.010000000002,0
2021-09-07,46856.31,46073.45,-782.8600000000006,0
2021-09-08,46073.45,46392.85,319.40000000000146,1
2021-09-09,46392.85,44853.1,-1539.75,0
2021-09-10,44853.1,45166.12,313.0200000000041,1
2021-09-11,45166.12,46049.72,883.5999999999985,1
2021-09-12,46049.72,44958.56,-1091.1600000000035,0
2021-09-13,44958.56,47129.01,2170.4500000000044,1
2021-09-14,47129.01,48148.45,1019.439999999995,1
2021-09-15,48148.45,47764.47,-383.9799999999959,0
2021-09-16,47764.47,47297.98,-466.48999999999796,0
2021-09-17,47297.98,48312.46,1014.4799999999959,1
2021-09-18,48312.46,47251.76,-1060.699999999997,0
2021-09-19,47251.76,42925.46,-4326.300000000003,0
2021-09-20,42925.46,40709.59,-2215.8700000000026,0
2021-09-21,40709.59,43576.15,2866.560000000005,1
2021-09-22,43576.15,44893.87,1317.7200000000012,1
2021-09-23,44893.87,42848.41,-2045.4599999999991,0
2021-09-24,42848.41,42721.91,-126.5,0
2021-09-25,42721.91,43201.79,479.8799999999974,1
2021-09-26,43201.79,42187.51,-1014.2799999999988,0
2021-09-27,42187.51,41056.79,-1130.7200000000012,0
2021-09-28,41056.79,41539.43,482.6399999999994,1
2021-09-29,41539.43,43829.34,2289.909999999996,1
2021-09-30,43829.34,48164.35,4335.010000000002,1
2021-10-01,48164.35,47669.02,-495.33000000000175,0
2021-10-02,47669.02,48234.05,565.0300000000061,1
2021-10-03,48234.05,49276.91,1042.8600000000006,1
2021-10-04,49276.91,51504.27,2227.3599999999933,1
2021-10-05,51504.27,55345.85,3841.5800000000017,1
2021-10-06,55343.24,53797.21,-1546.0299999999988,0
2021-10-07,53796.22,53949.29,153.0699999999997,1
2021-10-08,53949.29,54968.04,1018.75,1
2021-10-09,54968.04,54700.24,-267.8000000000029,0
2021-10-10,54700.24,57498.8,2798.560000000005,1
2021-10-11,57498.8,56010.9,-1487.9000000000015,0
2021-10-12,56010.9,57369.0,1358.0999999999985,1
2021-10-13,57369.0,57359.21,-9.790000000000873,0
2021-10-14,57359.21,61684.96,4325.75,1
2021-10-15,61684.96,60877.77,-807.1900000000023,0
2021-10-16,60877.77,61520.54,642.7700000000041,1
2021-10-17,61520.54,62038.16,517.6200000000026,1
2021-10-18,62038.16,64283.97,2245.8099999999977,1
2021-10-19,64283.97,66021.02,1737.050000000003,1
2021-10-20,66021.02,62283.96,-3737.060000000005,0
2021-10-21,62283.96,60693.59,-1590.3700000000026,0
2021-10-22,60693.59,61313.09,619.5,1
2021-10-23,61313.09,60863.56,-449.52999999999884,0
2021-10-24,60863.56,63089.04,2225.480000000003,1
2021-10-25,63089.04,60315.68,-2773.3600000000006,0
2021-10-26,60315.68,58464.42,-1851.260000000002,0
2021-10-27,58464.42,60610.11,2145.6900000000023,1
2021-10-28,60610.11,62282.5,1672.3899999999994,1
2021-10-29,62282.5,61891.91,-390.5899999999965,0
2021-10-30,61891.91,61349.75,-542.1600000000035,0
2021-10-31,61349.75,60960.98,-388.7699999999968,0
2021-11-01,60960.98,63260.05,2299.0699999999997,1
2021-11-02,63260.05,62929.93,-330.1200000000026,0
2021-11-03,62929.93,61448.47,-1481.4599999999991,0
2021-11-04,61448.47,61019.66,-428.8099999999977,0
2021-11-05,61019.66,61529.76,510.09999999999854,1
2021-11-06,61529.76,63302.78,1773.0199999999968,1
2021-11-07,63302.78,67549.14,4246.360000000001,1
2021-11-08,67549.14,66939.24,-609.8999999999942,0
2021-11-09,66939.24,64926.06,-2013.1800000000076,0
2021-11-10,64926.06,64820.8,-105.25999999999476,0
2021-11-11,64820.8,64156.3,-664.5,0
2021-11-12,64156.3,64409.56,253.25999999999476,1
2021-11-13,64409.56,65509.06,1099.5,1
2021-11-14,65509.06,63614.06,-1895.0,0
2021-11-15,63614.06,60108.9,-3505.159999999996,0
2021-11-16,60108.9,60365.6,256.6999999999971,1
2021-11-17,60365.6,56930.68,-3434.9199999999983,0
2021-11-18,56930.68,58136.22,1205.5400000000009,1
2021-11-19,58136.22,59769.66,1633.4400000000023,1
2021-11-20,59769.66,58700.83,-1068.8300000000017,0
2021-11-21,58700.83,56303.06,-2397.770000000004,0
2021-11-22,56303.06,57566.6,1263.5400000000009,1
2021-11-23,57566.6,57175.09,-391.51000000000204,0
2021-11-24,57175.09,58966.99,1791.9000000000015,1
2021-11-25,58966.99,53788.22,-5178.769999999997,0
2021-11-26,53788.22,54805.03,1016.8099999999977,1
2021-11-27,54805.03,57331.41,2526.3800000000047,1
2021-11-28,57331.41,57839.55,508.1399999999994,1
2021-11-29,57839.55,56975.35,-864.2000000000044,0
2021-11-30,56975.35,57227.97,252.62000000000262,1
2021-12-01,57227.97,56522.76,-705.2099999999991,0
2021-12-02,56522.76,53663.25,-2859.510000000002,0
2021-12-03,53663.25,49243.39,-4419.860000000001,0
2021-12-04,49243.39,49465.5,222.11000000000058,1
2021-12-05,49465.5,50552.83,1087.3300000000017,1
2021-12-06,50552.83,50633.01,80.18000000000029,1
2021-12-07,50633.01,50513.04,-119.97000000000116,0
2021-12-08,50513.04,47593.85,-2919.1900000000023,0
2021-12-09,47593.85,47191.14,-402.7099999999991,0
2021-12-10,47191.14,49398.4,2207.260000000002,1
2021-12-11,49398.4,50109.99,711.5899999999965,1
2021-12-12,50109.99,46731.03,-3378.959999999999,0
2021-12-13,46731.03,48387.69,1656.6600000000035,1
2021-12-14,48387.69,48885.05,497.3600000000006,1
2021-12-15,48885.05,47635.92,-1249.1300000000047,0
2021-12-16,47635.92,46164.14,-1471.7799999999988,0
2021-12-17,46164.14,46861.62,697.4800000000032,1
2021-12-18,46861.62,46697.13,-164.49000000000524,0
2021-12-19,46697.13,46913.54,216.4100000000035,1
2021-12-20,46913.54,48917.48,2003.9400000000023,1
2021-12-21,48917.48,48614.97,-302.51000000000204,0
2021-12-22,48614.97,50830.2,2215.229999999996,1
2021-12-23,50830.2,50840.36,10.160000000003492,1
2021-12-24,50840.36,50431.63,-408.7300000000032,0
2021-12-25,50431.63,50790.88,359.25,1
2021-12-26,50790.88,50714.73,-76.14999999999418,0
2021-12-27,50714.73,47536.39,-3178.340000000004,0
2021-12-28,47536.39,46471.7,-1064.6900000000023,0
2021-12-29,46471.7,47129.66,657.9600000000064,1
2021-12-30,47129.66,46197.31,-932.3500000000058,0
2021-12-31,46197.31,47737.35,1540.0400000000009,1
2022-01-01,47737.35,47306.41,-430.93999999999505,0
2022-01-02,47306.41,46450.79,-855.6200000000026,0
2022-01-03,46450.79,45824.54,-626.25,0
2022-01-04,45824.54,43432.51,-2392.029999999999,0
2022-01-05,43432.51,43094.54,-337.97000000000116,0
2022-01-06,43094.54,41543.79,-1550.75,0
2022-01-07,41543.79,41686.67,142.87999999999738,1
2022-01-08,41686.67,41869.6,182.9300000000003,1
2022-01-09,41869.6,41832.59,-37.01000000000204,0
2022-01-10,41832.59,42743.03,910.4400000000023,1
2022-01-11,42743.03,43919.67,1176.6399999999994,1
2022-01-12,43919.67,42575.61,-1344.0599999999977,0
2022-01-13,42575.61,43089.83,514.2200000000012,1
2022-01-14,43089.83,43088.74,-1.0900000000037835,0
2022-01-15,43088.74,43100.36,11.62000000000262,1
2022-01-16,43100.36,42224.38,-875.9800000000032,0
2022-01-17,42224.38,42372.75,148.37000000000262,1
2022-01-18,42372.75,41674.8,-697.9499999999971,0
2022-01-19,41674.8,40697.03,-977.7700000000041,0
2022-01-20,40697.03,36469.3,-4227.729999999996,0
2022-01-21,36469.3,35075.92,-1393.3800000000047,0
2022-01-22,35075.92,36288.15,1212.2300000000032,1
2022-01-23,36288.15,36702.79,414.6399999999994,1
2022-01-24,36702.79,36975.99,273.1999999999971,1
2022-01-25,36975.99,36829.37,-146.61999999999534,0
2022-01-26,36829.37,37189.85,360.4799999999959,1
2022-01-27,37189.85,37744.7,554.8499999999985,1
2022-01-28,37744.7,38184.86,440.1600000000035,1
2022-01-29,38184.86,37908.44,-276.41999999999825,0
2022-01-30,37908.44,38494.66,586.2200000000012,1
2022-01-31,38494.66,38721.49,226.82999999999447,1
2022-02-01,38721.49,36918.19,-1803.2999999999956,0
2022-02-02,36918.19,37328.64,410.4499999999971,1
2022-02-03,37328.64,41590.34,4261.699999999997,1
2022-02-04,41590.34,41418.21,-172.12999999999738,0
2022-02-05,41418.21,42412.41,994.2000000000044,1
2022-02-06,42412.41,43861.07,1448.6599999999962,1
2022-02-07,43861.07,44080.12,219.0500000000029,1
2022-02-08,44080.12,44422.91,342.7900000000009,1
2022-02-09,44422.91,43531.67,-891.2400000000052,0
2022-02-10,43531.67,42398.98,-1132.689999999995,0
2022-02-11,42398.98,42239.01,-159.97000000000116,0
2022-02-12,42239.01,42069.84,-169.17000000000553,0
2022-02-13,42069.84,42552.28,482.4400000000023,1
2022-02-14,42552.28,44576.33,2024.050000000003,1
2022-02-15,44576.33,43896.34,-679.9900000000052,0
2022-02-16,43896.34,40545.09,-3351.25,0
2022-02-17,40545.09,39994.66,-550.429999999993,0
2022-02-18,39994.66,40107.12,112.45999999999913,1
2022-02-19,40107.12,38397.25,-1709.8700000000026,0
2022-02-20,38397.25,37037.39,-1359.8600000000006,0
2022-02-21,37037.39,38267.75,1230.3600000000006,1
2022-02-22,38267.75,37270.85,-996.9000000000015,0
2022-02-23,37270.85,38353.62,1082.770000000004,1
2022-02-24,38353.62,39239.77,886.1499999999942,1
2022-02-25,39239.77,39134.83,-104.93999999999505,0
2022-02-26,39134.83,37714.96,-1419.8700000000026,0
2022-02-27,37714.96,43189.46,5474.5,1
2022-02-28,43189.46,44428.47,1239.010000000002,1
2022-03-01,44428.47,43935.37,-493.09999999999854,0
2022-03-02,43935.37,42474.37,-1461.0,0
2022-03-03,42474.37,39154.4,-3319.970000000001,0
2022-03-04,39154.4,39407.02,252.61999999999534,1
2022-03-05,39407.02,38428.92,-978.0999999999985,0
2022-03-06,38428.92,38030.63,-398.2900000000009,0
2022-03-07,38030.63,38748.52,717.8899999999994,1
2022-03-08,38748.52,41962.85,3214.3300000000017,1
2022-03-09,41962.85,39443.42,-2519.4300000000003,0
2022-03-10,39443.42,38741.03,-702.3899999999994,0
2022-03-11,38741.03,38805.53,64.5,1
2022-03-12,38805.53,37796.31,-1009.2200000000012,0
2022-03-13,37796.31,39696.28,1899.9700000000012,1
2022-03-14,39696.28,39314.86,-381.41999999999825,0
2022-03-15,39314.86,41133.64,1818.7799999999988,1
2022-03-16,41133.64,40956.79,-176.84999999999854,0
2022-03-17,40956.79,41790.97,834.1800000000003,1
2022-03-18,41790.97,42235.02,444.04999999999563,1
2022-03-19,42235.02,41243.16,-991.8599999999933,0
2022-03-20,41243.16,41043.9,-199.26000000000204,0
2022-03-21,41043.9,42380.11,1336.2099999999991,1
2022-03-22,42380.11,42904.1,523.989999999998,1
2022-03-23,42904.1,44006.77,1102.6699999999983,1
2022-03-24,44006.77,44331.36,324.5900000000038,1
2022-03-25,44331.36,44542.31,210.9499999999971,1
2022-03-26,44542.31,46842.14,2299.8300000000017,1
2022-03-27,46842.14,47128.71,286.5699999999997,1
2022-03-28,47128.71,47445.3,316.5900000000038,1
2022-03-29,47445.3,47056.41,-388.8899999999994,0
2022-03-30,47056.41,45522.65,-1533.760000000002,0
2022-03-31,45522.65,46299.75,777.0999999999985,1
2022-04-01,46299.75,45822.28,-477.47000000000116,0
2022-04-02,45822.28,46414.26,591.9800000000032,1
2022-04-03,46414.26,46609.36,195.09999999999854,1
2022-04-04,46609.36,45501.58,-1107.7799999999988,0
2022-04-05,45501.58,43177.78,-2323.800000000003,0
2022-04-06,43177.78,43466.21,288.4300000000003,1
2022-04-07,43466.21,42273.38,-1192.8300000000017,0
2022-04-08,42273.38,42768.61,495.2300000000032,1
2022-04-09,42768.61,42153.77,-614.8400000000038,0
2022-04-10,42153.77,39536.71,-2617.0599999999977,0
2022-04-11,39536.71,40086.66,549.9500000000044,1
2022-04-12,40086.66,41150.33,1063.6699999999983,1
2022-04-13,41150.33,39951.63,-1198.7000000000044,0
2022-04-14,39951.63,40563.69,612.060000000005,1
2022-04-15,40563.69,40392.55,-171.13999999999942,0
2022-04-16,40392.55,39688.16,-704.3899999999994,0
2022-04-17,39688.16,40811.03,1122.8699999999953,1
2022-04-18,40811.03,41504.44,693.4100000000035,1
2022-04-19,41504.44,41375.35,-129.09000000000378,0
2022-04-20,41375.35,40490.97,-884.3799999999974,0
2022-04-21,40490.97,39716.04,-774.9300000000003,0
2022-04-22,39716.04,39445.97,-270.0699999999997,0
2022-04-23,39445.97,39466.26,20.290000000000873,1
2022-04-24,39466.26,40437.52,971.2599999999948,1
2022-04-25,40437.52,38117.39,-2320.1299999999974,0
2022-04-26,38117.39,39252.04,1134.6500000000015,1
2022-04-27,39252.04,39749.75,497.7099999999991,1
2022-04-28,39749.75,38594.22,-1155.5299999999988,0
2022-04-29,38594.22,37650.13,-944.0900000000038,0
2022-04-30,37650.13,38480.53,830.4000000000015,1
2022-05-01,38480.53,38513.01,32.4800000000032,1
2022-05-02,38513.01,37725.38,-787.6300000000047,0
2022-05-03,37725.38,39680.21,1954.8300000000017,1
2022-05-04,39680.21,36546.86,-3133.3499999999985,0
2022-05-05,36546.86,36009.89,-536.9700000000012,0
2022-05-06,36009.89,35469.21,-540.6800000000003,0
2022-05-07,35469.21,34033.77,-1435.4400000000023,0
2022-05-08,34033.77,30076.9,-3956.8699999999953,0
2022-05-09,30076.9,31013.12,936.2199999999975,1
2022-05-10,31013.12,29017.21,-1995.9099999999999,0
2022-05-11,29017.21,28915.72,-101.48999999999796,0
2022-05-12,28915.72,29244.83,329.1100000000006,1
2022-05-13,29244.83,30050.31,805.4799999999996,1
2022-05-14,30050.31,31296.11,1245.7999999999993,1
2022-05-15,31296.11,29838.5,-1457.6100000000006,0
2022-05-16,29838.5,30415.91,577.4099999999999,1
2022-05-17,30415.91,28667.29,-1748.619999999999,0
2022-05-18,28667.29,30282.48,1615.1899999999987,1
2022-05-19,30282.48,29166.15,-1116.329999999998,0
2022-05-20,29166.15,29410.72,244.5699999999997,1
2022-05-21,29410.72,30264.29,853.5699999999997,1
2022-05-22,30264.29,29075.68,-1188.6100000000006,0
2022-05-23,29075.68,29630.05,554.369999999999,1
2022-05-24,29630.05,29508.27,-121.77999999999884,0
2022-05-25,29508.27,29188.71,-319.5600000000013,0
2022-05-26,29188.71,28597.33,-591.3799999999974,0
2022-05-27,28597.33,29013.53,416.1999999999971,1
2022-05-28,29013.53,29452.23,438.7000000000007,1
2022-05-29,29452.23,31716.41,2264.1800000000003,1
2022-05-30,31716.41,31782.16,65.75,1
2022-05-31,31782.16,29789.58,-1992.579999999998,0
2022-06-01,29789.58,30439.63,650.0499999999993,1
2022-06-02,30439.63,29680.3,-759.3300000000017,0
2022-06-03,29680.3,29845.48,165.1800000000003,1
2022-06-04,29845.48,29897.9,52.42000000000189,1
2022-06-05,29897.9,31353.78,1455.8799999999974,1
2022-06-06,31353.78,31111.75,-242.02999999999884,0
2022-06-07,31111.75,30189.27,-922.4799999999996,0
2022-06-08,30189.27,30082.94,-106.33000000000175,0
2022-06-09,30082.94,29067.38,-1015.5599999999977,0
2022-06-10,29067.38,28389.49,-677.8899999999994,0
2022-06-11,28389.49,26587.35,-1802.140000000003,0
2022-06-12,26587.35,22471.59,-4115.759999999998,0
2022-06-13,22471.59,22118.37,-353.22000000000116,0
2022-06-14,22118.37,22566.73,448.3600000000006,1
2022-06-15,22566.73,20372.85,-2193.880000000001,0
2022-06-16,20372.85,20432.26,59.409999999999854,1
2022-06-17,20432.26,18954.25,-1478.0099999999984,0
2022-06-18,18954.25,20553.48,1599.2299999999996,1
2022-06-19,20553.48,20550.91,-2.569999999999709,0
2022-06-20,20550.91,20699.21,148.29999999999927,1
2022-06-21,20699.21,19956.16,-743.0499999999993,0
2022-06-22,19956.16,21098.41,1142.25,1
2022-06-23,21098.41,21219.46,121.04999999999927,1
2022-06-24,21219.46,21474.19,254.72999999999956,1
2022-06-25,21474.19,21031.85,-442.34000000000015,0
2022-06-26,21031.85,20718.16,-313.6899999999987,0
2022-06-27,20718.16,20251.96,-466.2000000000007,0
2022-06-28,20251.96,20094.16,-157.79999999999927,0
2022-06-29,20094.16,19908.49,-185.66999999999825,0
2022-06-30,19908.49,19249.33,-659.1599999999999,0
2022-07-01,19249.33,19225.66,-23.67000000000189,0
2022-07-02,19225.66,19294.21,68.54999999999927,1
2022-07-03,19294.21,20212.81,918.6000000000022,1
2022-07-04,20212.81,20158.69,-54.12000000000262,0
2022-07-05,20158.69,20545.04,386.3500000000022,1
2022-07-06,20545.04,21611.8,1066.7599999999984,1
2022-07-07,21611.8,21592.65,-19.149999999997817,0
2022-07-08,21592.65,21582.17,-10.480000000003201,0
2022-07-09,21582.17,20846.53,-735.6399999999994,0
2022-07-10,20846.53,19944.25,-902.2799999999988,0
2022-07-11,19944.25,19309.71,-634.5400000000009,0
2022-07-12,19309.71,20230.81,921.1000000000022,1
2022-07-13,20230.81,20577.38,346.5699999999997,1
2022-07-14,20577.38,20827.27,249.88999999999942,1
2022-07-15,20827.27,21199.01,371.73999999999796,1
2022-07-16,21199.01,20792.81,-406.1999999999971,0
2022-07-17,20792.81,22447.39,1654.579999999998,1
2022-07-18,22447.39,23399.91,952.5200000000004,1
2022-07-19,23399.91,23222.77,-177.13999999999942,0
2022-07-20,23222.77,23153.54,-69.22999999999956,0
2022-07-21,23153.54,22686.32,-467.22000000000116,0
2022-07-22,22686.32,22452.14,-234.1800000000003,0
2022-07-23,22452.14,22585.4,133.26000000000204,1
2022-07-24,22585.4,21305.59,-1279.8100000000013,0
2022-07-25,21305.59,21258.08,-47.5099999999984,0
2022-07-26,21258.08,22960.19,1702.109999999997,1
2022-07-27,22960.19,23855.65,895.4600000000028,1
2022-07-28,23855.65,23769.15,-86.5,0
2022-07-29,23769.15,23646.03,-123.12000000000262,0
2022-07-30,23646.03,23308.14,-337.8899999999994,0
2022-07-31,23308.14,23271.57,-36.56999999999971,0
2022-08-01,23271.57,22991.49,-280.0799999999981,0
2022-08-02,22991.49,22825.25,-166.2400000000016,0
2022-08-03,22825.25,22622.99,-202.2599999999984,0
2022-08-04,22622.99,23319.22,696.2299999999996,1
2022-08-05,23319.22,22956.4,-362.8199999999997,0
2022-08-06,22956.4,23179.86,223.45999999999913,1
2022-08-07,23179.86,23817.72,637.8600000000006,1
2022-08-08,23817.72,23156.66,-661.0600000000013,0
2022-08-09,23156.66,23959.67,803.0099999999984,1
2022-08-10,23959.67,23943.36,-16.30999999999767,0
2022-08-11,23943.36,24412.17,468.8099999999977,1
2022-08-12,24412.17,24449.86,37.69000000000233,1
2022-08-13,24449.86,24313.71,-136.15000000000146,0
2022-08-14,24313.71,24101.69,-212.02000000000044,0
2022-08-15,24101.69,23858.64,-243.04999999999927,0
2022-08-16,23858.64,23338.03,-520.6100000000006,0
2022-08-17,23338.03,23201.51,-136.52000000000044,0
2022-08-18,23201.51,20833.43,-2368.079999999998,0
2022-08-19,20833.43,21142.06,308.630000000001,1
2022-08-20,21142.06,21514.79,372.72999999999956,1
2022-08-21,21514.79,21399.66,-115.13000000000102,0
2022-08-22,21399.66,21520.62,120.95999999999913,1
2022-08-23,21520.62,21369.05,-151.5699999999997,0
2022-08-24,21369.05,21565.47,196.4200000000019,1
2022-08-25,21565.47,20247.99,-1317.4799999999996,0
2022-08-26,20247.99,20038.42,-209.57000000000335,0
2022-08-27,20038.42,19554.08,-484.3399999999965,0
2022-08-28,19554.08,20292.37,738.2899999999972,1
2022-08-29,20292.37,19813.51,-478.8600000000006,0
2022-08-30,19813.51,20050.28,236.77000000000044,1
2022-08-31,20050.28,20129.93,79.65000000000146,1
2022-09-01,20129.93,19957.44,-172.4900000000016,0
2022-09-02,19957.44,19834.79,-122.64999999999782,0
2022-09-03,19834.79,20003.46,168.66999999999825,1
2022-09-04,20003.46,19793.29,-210.16999999999825,0
2022-09-05,19793.29,18791.95,-1001.3400000000001,0
2022-09-06,18791.95,19287.52,495.5699999999997,1
2022-09-07,19287.52,19321.77,34.25,1
2022-09-08,19321.77,21369.73,2047.9599999999991,1
2022-09-09,21369.73,21655.13,285.40000000000146,1
2022-09-10,21655.13,21836.45,181.3199999999997,1
2022-09-11,21836.45,22400.52,564.0699999999997,1
2022-09-12,22400.52,20173.77,-2226.75,0
2022-09-13,20173.77,20233.68,59.909999999999854,1
2022-09-14,20233.68,19700.15,-533.5299999999988,0
2022-09-15,19700.15,19804.02,103.86999999999898,1
2022-09-16,19804.02,20118.35,314.3299999999981,1
2022-09-17,20118.35,19417.72,-700.6299999999974,0
2022-09-18,19417.72,19541.28,123.55999999999767,1
2022-09-19,19541.28,18879.95,-661.3299999999981,0
2022-09-20,18879.95,18468.05,-411.90000000000146,0
2022-09-21,18468.05,19405.96,937.9099999999999,1
2022-09-22,19405.96,19291.13,-114.82999999999811,0
2022-09-23,19291.13,18924.39,-366.7400000000016,0
2022-09-24,18924.39,18809.94,-114.45000000000073,0
2022-09-25,18809.94,19230.96,421.02000000000044,1
2022-09-26,19230.96,19081.4,-149.55999999999767,0
2022-09-27,19081.4,19412.67,331.2699999999968,1
2022-09-28,19412.67,19593.46,180.79000000000087,1
2022-09-29,19593.46,19425.63,-167.8299999999981,0
2022-09-30,19425.63,19313.96,-111.67000000000189,0
2022-10-01,19313.96,19058.15,-255.80999999999767,0
2022-10-02,19058.15,19632.35,574.1999999999971,1
2022-10-03,19632.35,20344.58,712.2300000000032,1
2022-10-04,20344.58,20160.74,-183.84000000000015,0
2022-10-05,20160.74,19965.12,-195.62000000000262,0
2022-10-06,19965.12,19532.81,-432.3099999999977,0
2022-10-07,19532.81,19419.32,-113.4900000000016,0
2022-10-08,19419.32,19442.41,23.090000000000146,1
2022-10-09,19442.41,19131.36,-311.0499999999993,0
2022-10-10,19131.36,19058.29,-73.06999999999971,0
2022-10-11,19058.29,19154.85,96.55999999999767,1
2022-10-12,19154.85,19378.91,224.0600000000013,1
2022-10-13,19378.91,19182.01,-196.90000000000146,0
2022-10-14,19182.01,19069.72,-112.28999999999724,0
2022-10-15,19069.72,19264.26,194.53999999999724,1
2022-10-16,19264.26,19550.49,286.2300000000032,1
2022-10-17,19550.49,19330.29,-220.20000000000073,0
2022-10-18,19330.29,19123.89,-206.40000000000146,0
2022-10-19,19123.89,19043.54,-80.34999999999854,0
2022-10-20,19043.54,19166.4,122.86000000000058,1
2022-10-21,19166.4,19207.57,41.169999999998254,1
2022-10-22,19207.57,19572.6,365.02999999999884,1
2022-10-23,19572.6,19331.06,-241.53999999999724,0
2022-10-24,19331.06,20087.18,756.119999999999,1
2022-10-25,20087.18,20776.76,689.5799999999981,1
2022-10-26,20776.76,20295.28,-481.47999999999956,0
2022-10-27,20295.28,20599.89,304.6100000000006,1
2022-10-28,20599.89,20820.19,220.29999999999927,1
2022-10-29,20820.19,20630.65,-189.53999999999724,0
2022-10-30,20630.65,20492.56,-138.09000000000015,0
2022-10-31,20492.56,20480.27,-12.290000000000873,0
2022-11-01,20480.27,20150.33,-329.9399999999987,0
2022-11-02,20150.33,20207.99,57.659999999999854,1
2022-11-03,20207.99,21150.6,942.609999999997,1
2022-11-04,21150.6,21301.57,150.97000000000116,1
2022-11-05,21301.57,20910.59,-390.97999999999956,0
2022-11-06,20910.59,20593.73,-316.8600000000006,0
2022-11-07,20593.73,18544.7,-2049.029999999999,0
2022-11-08,18544.7,15820.02,-2724.6800000000003,0
2022-11-09,15820.02,17559.67,1739.6499999999978,1
2022-11-10,17559.67,17007.72,-551.9499999999971,0
2022-11-11,17007.72,16773.9,-233.8199999999997,0
2022-11-12,16773.9,16307.47,-466.4300000000021,0
2022-11-13,16307.47,16592.04,284.5700000000015,1
2022-11-14,16592.04,16879.14,287.09999999999854,1
2022-11-15,16879.14,16648.05,-231.09000000000015,0
2022-11-16,16648.05,16680.21,32.159999999999854,1
2022-11-17,16680.21,16677.95,-2.2599999999983993,0
2022-11-18,16677.95,16683.72,5.770000000000437,1
2022-11-19,16683.72,16253.6,-430.1200000000008,0
2022-11-20,16253.6,15760.19,-493.40999999999985,0
2022-11-21,15760.19,16198.25,438.0599999999995,1
2022-11-22,16198.25,16590.98,392.72999999999956,1
2022-11-23,16590.98,16588.46,-2.5200000000004366,0
2022-11-24,16588.46,16508.33,-80.12999999999738,0
2022-11-25,16508.33,16451.53,-56.80000000000291,0
2022-11-26,16451.53,16420.87,-30.659999999999854,0
2022-11-27,16420.87,16207.01,-213.85999999999876,0
2022-11-28,16207.01,16431.79,224.78000000000065,1
2022-11-29,16431.79,17162.35,730.5599999999977,1
2022-11-30,17162.35,16978.64,-183.70999999999913,0
2022-12-01,16978.64,17094.49,115.85000000000218,1
2022-12-02,17094.49,16888.31,-206.1800000000003,0
2022-12-03,16888.31,17111.76,223.4499999999971,1
2022-12-04,17111.76,16966.84,-144.91999999999825,0
2022-12-05,16966.84,17086.52,119.68000000000029,1
2022-12-06,17086.52,16837.85,-248.6700000000019,0
2022-12-07,16837.85,17226.02,388.1700000000019,1
2022-12-08,17226.02,17126.85,-99.17000000000189,0
2022-12-09,17126.85,17129.19,2.3400000000001455,1
2022-12-10,17129.19,17094.83,-34.359999999996944,0
2022-12-11,17094.83,17208.66,113.82999999999811,1
2022-12-12,17208.66,17775.32,566.6599999999999,1
2022-12-13,17775.32,17801.37,26.049999999999272,1
2022-12-14,17801.37,17359.21,-442.15999999999985,0
2022-12-15,17359.21,16658.44,-700.7700000000004,0
2022-12-16,16658.44,16780.55,122.11000000000058,1
2022-12-17,16780.55,16742.74,-37.80999999999767,0
2022-12-18,16742.74,16442.79,-299.9500000000007,0
2022-12-19,16442.79,16901.12,458.3299999999981,1
2022-12-20,16901.12,16821.13,-79.98999999999796,0
2022-12-21,16821.13,16816.01,-5.120000000002619,0
2022-12-22,16816.01,16780.97,-35.039999999997235,0
2022-12-23,16780.97,16837.16,56.18999999999869,1
2022-12-24,16837.16,16829.1,-8.06000000000131,0
2022-12-25,16829.1,16916.07,86.97000000000116,1
2022-12-26,16916.07,16700.54,-215.52999999999884,0
2022-12-27,16700.54,16540.47,-160.0699999999997,0
2022-12-28,16540.47,16631.24,90.77000000000044,1
2022-12-29,16631.24,16599.47,-31.770000000000437,0
2022-12-30,16599.47,16531.31,-68.15999999999985,0
2022-12-31,16531.31,16613.87,82.55999999999767,1
2023-01-01,16613.87,16670.08,56.210000000002765,1
2023-01-02,16670.08,16670.16,0.07999999999810825,1
2023-01-03,16670.16,16846.82,176.65999999999985,1
2023-01-04,16846.82,16825.87,-20.950000000000728,0
2023-01-05,16825.87,16946.16,120.29000000000087,1
2023-01-06,16946.16,16942.73,-3.430000000000291,0
2023-01-07,16942.73,17115.81,173.08000000000175,1
2023-01-08,17115.81,17179.03,63.219999999997526,1
2023-01-09,17179.03,17442.44,263.40999999999985,1
2023-01-10,17442.44,17938.0,495.5600000000013,1
2023-01-11,17938.0,18849.0,911.0,1
2023-01-12,18849.0,19932.05,1083.0499999999993,1
2023-01-13,19932.05,20954.52,1022.4700000000012,1
2023-01-14,20954.52,20878.94,-75.58000000000175,0
2023-01-15,20878.94,21188.92,309.97999999999956,1
2023-01-16,21188.92,21136.12,-52.79999999999927,0
2023-01-17,21136.12,20678.47,-457.6499999999978,0
2023-01-18,20678.47,21082.28,403.8099999999977,1
2023-01-19,21082.28,22676.2,1593.920000000002,1
2023-01-20,22676.2,22789.92,113.71999999999753,1
2023-01-21,22789.92,22714.99,-74.92999999999665,0
2023-01-22,22714.99,22917.47,202.47999999999956,1
2023-01-23,22917.47,22637.8,-279.6700000000019,0
2023-01-24,22637.8,23066.28,428.47999999999956,1
2023-01-25,23066.28,23009.15,-57.12999999999738,0
2023-01-26,23009.15,23077.75,68.59999999999854,1
2023-01-27,23077.75,23031.02,-46.72999999999956,0
2023-01-28,23031.02,23747.26,716.239999999998,1
2023-01-29,23747.26,22833.34,-913.9199999999983,0
2023-01-30,22833.34,23129.7,296.3600000000006,1
2023-01-31,23129.7,23730.52,600.8199999999997,1
2023-02-01,23730.52,23470.8,-259.72000000000116,0
2023-02-02,23470.8,23437.21,-33.590000000000146,0
2023-02-03,23437.21,23332.1,-105.11000000000058,0
2023-02-04,23332.1,22940.79,-391.3099999999977,0
2023-02-05,22940.79,22761.44,-179.35000000000218,0
2023-02-06,22761.44,23252.78,491.34000000000015,1
2023-02-07,23252.78,22961.13,-291.6499999999978,0
2023-02-08,22961.13,21807.55,-1153.5800000000017,0
2023-02-09,21807.55,21634.86,-172.6899999999987,0
2023-02-10,21634.86,21862.19,227.3299999999981,1
2023-02-11,21862.19,21790.14,-72.04999999999927,0
2023-02-12,21790.14,21787.77,-2.3699999999989814,0
2023-02-13,21787.77,22208.56,420.7900000000009,1
2023-02-14,22208.56,24332.21,2123.649999999998,1
2023-02-15,24332.21,23533.22,-798.989999999998,0
2023-02-16,23533.22,24578.28,1045.0599999999977,1
2023-02-17,24578.28,24638.27,59.9900000000016,1
2023-02-18,24638.27,24287.53,-350.7400000000016,0
2023-02-19,24287.53,24838.09,550.5600000000013,1
2023-02-20,24838.09,24450.5,-387.59000000000015,0
2023-02-21,24450.5,24186.92,-263.58000000000175,0
2023-02-22,24186.92,23941.1,-245.8199999999997,0
2023-02-23,23941.1,23189.78,-751.3199999999997,0
2023-02-24,23190.14,23168.68,-21.459999999999127,0
2023-02-25,23168.68,23557.29,388.6100000000006,1
2023-02-26,23557.29,23492.86,-64.43000000000029,0
2023-02-27,23492.86,23137.23,-355.630000000001,0
2023-02-28,23137.23,23642.8,505.5699999999997,1
2023-03-01,23642.8,23467.23,-175.5699999999997,0
2023-03-02,23467.23,22360.92,-1106.3100000000013,0
2023-03-03,22360.92,22353.23,-7.68999999999869,0
2023-03-04,22353.23,22434.09,80.86000000000058,1
2023-03-05,22434.09,22410.79,-23.299999999999272,0
2023-03-06,22410.79,22201.44,-209.35000000000218,0
2023-03-07,22201.44,21704.74,-496.6999999999971,0
2023-03-08,21704.74,20370.48,-1334.260000000002,0
2023-03-09,20370.48,20206.71,-163.77000000000044,0
2023-03-10,20206.71,20613.6,406.8899999999994,1
2023-03-11,20613.6,22183.71,1570.1100000000006,1
2023-03-12,22183.71,24207.1,2023.3899999999994,1
2023-03-13,24207.1,24757.56,550.4600000000028,1
2023-03-14,24757.56,24372.11,-385.4500000000007,0
2023-03-15,24372.11,25049.83,677.7200000000012,1
2023-03-16,25049.83,27441.41,2391.579999999998,1
2023-03-17,27441.41,26973.46,-467.9500000000007,0
2023-03-18,26973.46,28040.29,1066.8300000000017,1
2023-03-19,28040.29,27807.05,-233.2400000000016,0
2023-03-20,27807.05,28188.11,381.0600000000013,1
2023-03-21,28188.11,27316.18,-871.9300000000003,0
2023-03-22,27316.18,28345.7,1029.5200000000004,1
2023-03-23,28345.7,27493.01,-852.6900000000023,0
2023-03-24,27493.01,27492.83,-0.17999999999665306,0
2023-03-25,27492.83,27995.16,502.3299999999981,1
2023-03-26,27995.16,27146.01,-849.1500000000015,0
2023-03-27,27146.01,27266.08,120.07000000000335,1
2023-03-28,27266.08,28355.7,1089.619999999999,1
2023-03-29,28355.7,28040.71,-314.9900000000016,0
2023-03-30,28040.71,28474.62,433.90999999999985,1
2023-03-31,28474.62,28468.49,-6.129999999997381,0
2023-04-01,28468.49,28187.85,-280.64000000000306,0
2023-04-02,28187.85,27809.04,-378.8099999999977,0
2023-04-03,27809.04,28177.23,368.1899999999987,1
2023-04-04,28177.23,28180.06,2.8300000000017462,1
2023-04-05,28180.06,28043.49,-136.5699999999997,0
2023-04-06,28043.49,27927.8,-115.69000000000233,0
2023-04-07,27927.8,27953.93,26.13000000000102,1
2023-04-08,27953.93,28340.68,386.75,1
2023-04-09,28340.68,29655.75,1315.0699999999997,1
2023-04-10,29655.75,30226.45,570.7000000000007,1
2023-04-11,30226.45,29905.56,-320.8899999999994,0
2023-04-12,29905.56,30407.76,502.1999999999971,1
2023-04-13,30407.76,30491.71,83.95000000000073,1
2023-04-14,30491.71,30321.55,-170.15999999999985,0
2023-04-15,30321.55,30322.37,0.819999999999709,1
2023-04-16,30322.37,29446.34,-876.0299999999988,0
2023-04-17,29446.34,30395.53,949.1899999999987,1
2023-04-18,30395.53,28821.91,-1573.619999999999,0
2023-04-19,28821.91,28248.11,-573.7999999999993,0
2023-04-20,28248.11,27261.17,-986.9400000000023,0
2023-04-21,27261.17,27820.73,559.5600000000013,1
2023-04-22,27820.73,27596.85,-223.88000000000102,0
2023-04-23,27596.85,27520.93,-75.91999999999825,0
2023-04-24,27520.93,28308.07,787.1399999999994,1
2023-04-25,28308.07,28432.89,124.81999999999971,1
2023-04-26,28432.89,29483.94,1051.0499999999993,1
2023-04-27,29483.94,29339.99,-143.9499999999971,0
2023-04-28,29339.99,29251.2,-88.79000000000087,0
2023-04-29,29251.2,29236.81,-14.389999999999418,0
2023-04-30,29236.81,28086.77,-1150.0400000000009,0
2023-05-01,28086.77,28694.7,607.9300000000003,1
2023-05-02,28694.7,29041.65,346.9500000000007,1
2023-05-03,29041.65,28865.72,-175.9300000000003,0
2023-05-04,28865.72,29548.51,682.7899999999972,1
2023-05-05,29548.51,28943.98,-604.5299999999988,0
2023-05-06,28943.98,28572.81,-371.16999999999825,0
2023-05-07,28572.81,27783.42,-789.390000000003,0
2023-05-08,27783.42,27680.21,-103.20999999999913,0
2023-05-09,27680.21,27628.73,-51.47999999999956,0
2023-05-10,27628.73,26991.62,-637.1100000000006,0
2023-05-11,26991.62,26807.09,-184.52999999999884,0
2023-05-12,26807.09,26788.88,-18.209999999999127,0
2023-05-13,26788.88,26931.44,142.55999999999767,1
2023-05-14,26931.44,27176.27,244.83000000000175,1
2023-05-15,27176.27,27036.57,-139.70000000000073,0
2023-05-16,27036.57,27406.21,369.6399999999994,1
2023-05-17,27406.21,26823.31,-582.8999999999978,0
2023-05-18,26823.31,26888.42,65.10999999999694,1
2023-05-19,26888.42,27118.54,230.12000000000262,1
2023-05-20,27118.54,26755.17,-363.3700000000026,0
2023-05-21,26755.17,26855.4,100.2300000000032,1
2023-05-22,26855.4,27224.7,369.2999999999993,1
2023-05-23,27224.7,26326.17,-898.5300000000025,0
2023-05-24,26326.17,26480.21,154.04000000000087,1
2023-05-25,26480.21,26719.7,239.4900000000016,1
2023-05-26,26719.7,26872.59,152.88999999999942,1
2023-05-27,26872.59,28077.57,1204.9799999999996,1
2023-05-28,28077.57,27746.07,-331.5,0
2023-05-29,27746.07,27703.56,-42.5099999999984,0
2023-05-30,27703.56,27220.17,-483.39000000000306,0
2023-05-31,27220.17,26825.73,-394.4399999999987,0
2023-06-01,26825.73,27251.14,425.40999999999985,1
2023-06-02,27251.14,27078.3,-172.84000000000015,0
2023-06-03,27078.3,27125.24,46.94000000000233,1
2023-06-04,27125.24,25740.46,-1384.7800000000025,0
2023-06-05,25740.46,27269.02,1528.5600000000013,1
2023-06-06,27269.02,26348.91,-920.1100000000006,0
2023-06-07,26348.91,26509.09,160.1800000000003,1
2023-06-08,26509.09,26483.81,-25.279999999998836,0
2023-06-09,26483.81,25856.18,-627.630000000001,0
2023-06-10,25856.18,25937.58,81.40000000000146,1
2023-06-11,25937.58,25905.64,-31.94000000000233,0
2023-06-12,25905.64,25928.94,23.299999999999272,1
2023-06-13,25928.94,25125.73,-803.2099999999991,0
2023-06-14,25125.73,25574.36,448.630000000001,1
2023-06-15,25574.36,26330.59,756.2299999999996,1
2023-06-16,26330.59,26510.43,179.84000000000015,1
2023-06-17,26510.43,26338.0,-172.4300000000003,0
2023-06-18,26338.0,26842.09,504.09000000000015,1
2023-06-19,26842.09,28319.35,1477.2599999999984,1
2023-06-20,28319.35,30000.55,1681.2000000000007,1
2023-06-21,30000.55,29892.81,-107.73999999999796,0
2023-06-22,29892.81,30705.39,812.5799999999981,1
2023-06-23,30705.39,30548.2,-157.1899999999987,0
2023-06-24,30548.2,30473.64,-74.56000000000131,0
2023-06-25,30473.64,30271.91,-201.72999999999956,0
2023-06-26,30271.91,30696.99,425.08000000000175,1
2023-06-27,30696.99,30078.9,-618.0900000000001,0
2023-06-28,30078.9,30447.17,368.2699999999968,1
2023-06-29,30447.17,30471.06,23.890000000003056,1
2023-06-30,30471.06,30590.76,119.69999999999709,1
2023-07-01,30590.76,30617.66,26.900000000001455,1
2023-07-02,30617.66,31160.24,542.5800000000017,1
2023-07-03,31160.24,30774.39,-385.8500000000022,0
2023-07-04,30774.39,30503.07,-271.3199999999997,0
2023-07-05,30503.07,29907.98,-595.0900000000001,0
2023-07-06,29907.98,30349.69,441.7099999999991,1
2023-07-07,30349.69,30294.36,-55.32999999999811,0
2023-07-08,30294.36,30171.49,-122.86999999999898,0
2023-07-09,30171.49,30421.04,249.54999999999927,1
2023-07-10,30421.04,30626.62,205.5799999999981,1
2023-07-11,30626.62,30385.22,-241.39999999999782,0
2023-07-12,30385.22,31475.78,1090.5599999999977,1
2023-07-13,31475.78,30331.09,-1144.6899999999987,0
2023-07-14,30331.09,30298.45,-32.63999999999942,0
2023-07-15,30298.45,30248.17,-50.280000000002474,0
2023-07-16,30248.17,30147.68,-100.48999999999796,0
2023-07-17,30147.68,29863.79,-283.8899999999994,0
2023-07-18,29863.79,29918.6,54.80999999999767,1
2023-07-19,29918.6,29809.61,-108.98999999999796,0
2023-07-20,29809.61,29911.46,101.84999999999854,1
2023-07-21,29911.46,29791.61,-119.84999999999854,0
2023-07-22,29791.61,30085.68,294.0699999999997,1
2023-07-23,30085.68,29181.04,-904.6399999999994,0
2023-07-24,29181.04,29226.63,45.590000000000146,1
2023-07-25,29226.63,29352.06,125.43000000000029,1
2023-07-26,29352.06,29217.05,-135.01000000000204,0
2023-07-27,29217.05,29316.82,99.77000000000044,1
2023-07-28,29316.82,29358.76,41.93999999999869,1
2023-07-29,29358.76,29283.34,-75.41999999999825,0
2023-07-30,29283.34,29231.47,-51.86999999999898,0
2023-07-31,29231.47,29699.74,468.27000000000044,1
2023-08-01,29699.74,29163.69,-536.0500000000029,0
2023-08-02,29163.69,29177.75,14.06000000000131,1
2023-08-03,29177.75,29078.51,-99.2400000000016,0
2023-08-04,29078.51,29050.34,-28.169999999998254,0
2023-08-05,29050.34,29046.16,-4.180000000000291,0
2023-08-06,29046.16,29182.16,136.0,1
2023-08-07,29182.16,29770.51,588.3499999999985,1
2023-08-08,29770.51,29566.47,-204.03999999999724,0
2023-08-09,29566.47,29428.1,-138.37000000000262,0
2023-08-10,29428.1,29403.56,-24.539999999997235,0
2023-08-11,29403.56,29417.08,13.520000000000437,1
2023-08-12,29417.08,29281.55,-135.53000000000247,0
2023-08-13,29281.55,29409.22,127.67000000000189,1
2023-08-14,29409.22,29171.23,-237.9900000000016,0
2023-08-15,29171.23,28702.8,-468.4300000000003,0
2023-08-16,28702.8,26629.67,-2073.130000000001,0
2023-08-17,26629.67,26049.69,-579.9799999999996,0
2023-08-18,26049.69,26095.8,46.11000000000058,1
2023-08-19,26095.8,26191.01,95.20999999999913,1
2023-08-20,26191.01,26126.18,-64.82999999999811,0
2023-08-21,26126.18,26043.01,-83.17000000000189,0
2023-08-22,26043.01,26429.4,386.39000000000306,1
2023-08-23,26429.4,26166.22,-263.1800000000003,0
2023-08-24,26166.22,26051.29,-114.93000000000029,0
2023-08-25,26051.29,26010.35,-40.94000000000233,0
2023-08-26,26010.35,26091.32,80.97000000000116,1
2023-08-27,26091.32,26106.0,14.680000000000291,1
2023-08-28,26106.0,27724.41,1618.4099999999999,1
2023-08-29,27724.41,27305.41,-419.0,0
2023-08-30,27305.41,25937.29,-1368.119999999999,0
2023-08-31,25937.29,25798.79,-138.5,0
2023-09-01,25798.79,25868.56,69.77000000000044,1
2023-09-02,25868.56,25971.37,102.80999999999767,1
2023-09-03,25971.37,25816.24,-155.12999999999738,0
2023-09-04,25816.24,25785.01,-31.2300000000032,0
2023-09-05,25785.01,25751.71,-33.29999999999927,0
2023-09-06,25751.71,26264.75,513.0400000000009,1
2023-09-07,26264.75,25907.13,-357.619999999999,0
2023-09-08,25907.13,25898.41,-8.720000000001164,0
2023-09-09,25898.41,25833.67,-64.7400000000016,0
2023-09-10,25833.67,25157.07,-676.5999999999985,0
2023-09-11,25157.07,25840.34,683.2700000000004,1
2023-09-12,25840.34,26227.49,387.15000000000146,1
2023-09-13,26227.49,26533.66,306.16999999999825,1
2023-09-14,26533.66,26605.49,71.83000000000175,1
2023-09-15,26605.49,26569.13,-36.36000000000058,0
2023-09-16,26569.13,26533.12,-36.01000000000204,0
2023-09-17,26533.12,26767.82,234.70000000000073,1
2023-09-18,26767.82,27219.02,451.2000000000007,1
2023-09-19,27219.02,27126.4,-92.61999999999898,0
2023-09-20,27126.4,26567.47,-558.9300000000003,0
2023-09-21,26567.47,26583.16,15.68999999999869,1
2023-09-22,26583.16,26585.41,2.25,1
2023-09-23,26585.41,26261.44,-323.97000000000116,0
2023-09-24,26261.44,26297.93,36.4900000000016,1
2023-09-25,26297.93,26212.59,-85.34000000000015,0
2023-09-26,26212.59,26360.2,147.61000000000058,1
2023-09-27,26360.2,27027.2,667.0,1
2023-09-28,27027.2,26909.4,-117.79999999999927,0
2023-09-29,26909.4,26964.27,54.86999999999898,1
2023-09-30,26964.27,27994.51,1030.239999999998,1
2023-10-01,27994.51,27507.22,-487.28999999999724,0
2023-10-02,27507.22,27428.66,-78.56000000000131,0
2023-10-03,27428.66,27789.8,361.1399999999994,1
2023-10-04,27789.8,27414.59,-375.2099999999991,0
2023-10-05,27414.59,27946.61,532.0200000000004,1
2023-10-06,27946.61,27973.69,27.07999999999811,1
2023-10-07,27973.69,27933.57,-40.11999999999898,0
2023-10-08,27933.57,27598.77,-334.7999999999993,0
2023-10-09,27598.77,27395.4,-203.36999999999898,0
2023-10-10,27395.4,26871.21,-524.1900000000023,0
2023-10-11,26871.21,26756.23,-114.97999999999956,0
2023-10-12,26756.23,26862.9,106.67000000000189,1
2023-10-13,26862.9,26854.52,-8.380000000001019,0
2023-10-14,26854.52,27177.41,322.8899999999994,1
2023-10-15,27177.41,28518.37,1340.9599999999991,1
2023-10-16,28518.37,28409.46,-108.90999999999985,0
2023-10-17,28409.46,28328.07,-81.38999999999942,0
2023-10-18,28328.07,28733.78,405.7099999999991,1
2023-10-19,28733.78,29684.37,950.5900000000001,1
2023-10-20,29684.37,29924.08,239.71000000000276,1
2023-10-21,29924.08,30001.44,77.35999999999694,1
2023-10-22,30001.44,33084.08,3082.640000000003,1
2023-10-23,33084.08,33923.52,839.439999999995,1
2023-10-24,33923.52,34503.4,579.8800000000047,1
2023-10-25,34503.4,34157.06,-346.3400000000038,0
2023-10-26,34157.06,33907.7,-249.36000000000058,0
2023-10-27,33907.7,34090.05,182.35000000000582,1
2023-10-28,34090.05,34535.38,445.32999999999447,1
2023-10-29,34535.38,34494.56,-40.81999999999971,0
2023-10-30,34494.56,34657.73,163.17000000000553,1
2023-10-31,34657.73,35439.76,782.0299999999988,1
2023-11-01,35439.76,34947.15,-492.6100000000006,0
2023-11-02,34947.15,34732.28,-214.87000000000262,0
2023-11-03,34732.28,35086.09,353.8099999999977,1
2023-11-04,35086.09,35039.47,-46.61999999999534,0
2023-11-05,35039.47,35054.59,15.119999999995343,1
2023-11-06,35054.59,35421.85,367.26000000000204,1
2023-11-07,35421.85,35638.33,216.4800000000032,1
2023-11-08,35638.33,36704.14,1065.8099999999977,1
2023-11-09,36704.14,37321.51,617.3700000000026,1
2023-11-10,37321.51,37142.22,-179.29000000000087,0
2023-11-11,37142.22,37079.76,-62.45999999999913,0
2023-11-12,37079.76,36482.51,-597.25,0
2023-11-13,36482.51,35551.21,-931.3000000000029,0
2023-11-14,35551.21,37884.19,2332.980000000003,1
2023-11-15,37884.19,36162.42,-1721.770000000004,0
2023-11-16,36162.42,36626.32,463.90000000000146,1
2023-11-17,36626.32,36591.19,-35.12999999999738,0
2023-11-18,36591.19,37388.64,797.4499999999971,1
2023-11-19,37388.64,37476.66,88.02000000000407,1
2023-11-20,37476.66,35758.72,-1717.9400000000023,0
2023-11-21,35758.72,37424.2,1665.479999999996,1
2023-11-22,37424.2,37299.18,-125.0199999999968,0
2023-11-23,37299.18,37737.05,437.8700000000026,1
2023-11-24,37737.05,37801.92,64.86999999999534,1
2023-11-25,37801.92,37460.21,-341.7099999999991,0
2023-11-26,37460.21,37246.29,-213.91999999999825,0
2023-11-27,37246.29,37836.63,590.3399999999965,1
2023-11-28,37836.63,37861.9,25.270000000004075,1
2023-11-29,37861.9,37729.58,-132.3199999999997,0
2023-11-30,37729.58,38699.84,970.2599999999948,1
2023-12-01,38699.84,39469.35,769.510000000002,1
2023-12-02,39469.35,39980.93,511.58000000000175,1
2023-12-03,39980.93,41984.41,2003.4800000000032,1
2023-12-04,41984.41,44089.06,2104.649999999994,1
2023-12-05,44089.06,43771.01,-318.04999999999563,0
2023-12-06,43771.01,43285.02,-485.99000000000524,0
2023-12-07,43285.02,44186.18,901.1600000000035,1
2023-12-08,44186.18,43723.0,-463.1800000000003,0
2023-12-09,43723.0,43791.67,68.66999999999825,1
2023-12-10,43791.67,41235.58,-2556.0899999999965,0
2023-12-11,41235.58,41472.94,237.36000000000058,1
2023-12-12,41472.94,42887.55,1414.6100000000006,1
2023-12-13,42887.55,43030.6,143.04999999999563,1
2023-12-14,43030.6,41939.16,-1091.439999999995,0
2023-12-15,41939.16,42243.26,304.09999999999854,1
2023-12-16,42243.26,41349.42,-893.8400000000038,0
2023-12-17,41349.42,42650.27,1300.8499999999985,1
2023-12-18,42650.27,42268.08,-382.18999999999505,0
2023-12-19,42268.08,43669.91,1401.8300000000017,1
2023-12-20,43669.91,43875.01,205.09999999999854,1
2023-12-21,43875.01,44008.04,133.02999999999884,1
2023-12-22,44008.04,43732.75,-275.2900000000009,0
2023-12-23,43732.75,43023.12,-709.6299999999974,0
2023-12-24,43023.12,43593.79,570.6699999999983,1
2023-12-25,43593.79,42517.32,-1076.4700000000012,0
2023-12-26,42517.32,43469.34,952.0199999999968,1
2023-12-27,43469.34,42588.94,-880.3999999999942,0
2023-12-28,42588.94,42073.59,-515.3500000000058,0
2023-12-29,42073.59,42146.03,72.44000000000233,1
2023-12-30,42146.03,42280.14,134.11000000000058,1
2023-12-31,42280.14,44197.61,1917.4700000000012,1
2024-01-01,44197.61,44970.34,772.7299999999959,1
2024-01-02,44970.34,42854.08,-2116.2599999999948,0
2024-01-03,42854.08,44194.38,1340.2999999999956,1
2024-01-04,44194.38,44178.89,-15.489999999997963,0
2024-01-05,44178.89,43988.33,-190.55999999999767,0
2024-01-06,43988.33,43950.84,-37.49000000000524,0
2024-01-07,43950.84,46988.14,3037.300000000003,1
2024-01-08,46988.14,46123.0,-865.1399999999994,0
2024-01-09,46123.0,46667.48,544.4800000000032,1
2024-01-10,46667.48,46353.15,-314.33000000000175,0
2024-01-11,46353.15,42776.42,-3576.730000000003,0
2024-01-12,42776.42,42839.19,62.770000000004075,1
2024-01-13,42839.19,41704.39,-1134.800000000003,0
2024-01-14,41704.39,42491.26,786.8700000000026,1
2024-01-15,42491.26,43130.88,639.6199999999953,1
2024-01-16,43130.88,42739.27,-391.6100000000006,0
2024-01-17,42739.27,41286.68,-1452.5899999999965,0
2024-01-18,41286.68,41625.47,338.7900000000009,1
2024-01-19,41625.47,41677.08,51.61000000000058,1
2024-01-20,41677.08,41570.17,-106.91000000000349,0
2024-01-21,41570.17,39523.63,-2046.5400000000009,0
2024-01-22,39523.63,39876.44,352.81000000000495,1
2024-01-23,39876.44,40078.62,202.1800000000003,1
2024-01-24,40078.62,39941.74,-136.88000000000466,0
2024-01-25,39941.74,41816.55,1874.810000000005,1
2024-01-26,41816.55,42124.02,307.4699999999939,1
2024-01-27,42124.02,42028.92,-95.09999999999854,0
2024-01-28,42028.92,43302.28,1273.3600000000006,1
2024-01-29,43302.28,42943.64,-358.6399999999994,0
2024-01-30,42943.64,42555.08,-388.5599999999977,0
2024-01-31,42555.08,43073.2,518.1199999999953,1
2024-02-01,43073.2,43181.71,108.51000000000204,1
2024-02-02,43181.71,42999.52,-182.19000000000233,0
2024-02-03,42999.52,42570.21,-429.3099999999977,0
2024-02-04,42570.21,42664.56,94.34999999999854,1
2024-02-05,42664.56,43091.51,426.95000000000437,1
2024-02-06,43091.51,44339.04,1247.5299999999988,1
2024-02-07,44339.04,45304.61,965.5699999999997,1
2024-02-08,45304.61,47154.23,1849.6200000000026,1
2024-02-09,47154.23,47768.12,613.8899999999994,1
2024-02-10,47768.12,48311.16,543.0400000000009,1
2024-02-11,48311.16,49942.97,1631.8099999999977,1
2024-02-12,49942.97,49733.11,-209.86000000000058,0
2024-02-13,49733.11,51844.19,2111.0800000000017,1
2024-02-14,51844.19,51934.57,90.37999999999738,1
2024-02-15,51934.57,52163.28,228.70999999999913,1
2024-02-16,52163.28,51668.78,-494.5,0
2024-02-17,51668.78,52139.33,470.5500000000029,1
2024-02-18,52139.33,51781.22,-358.1100000000006,0
2024-02-19,51781.22,52269.59,488.36999999999534,1
2024-02-20,52269.59,51854.36,-415.2299999999959,0
2024-02-21,51854.36,51263.67,-590.6900000000023,0
2024-02-22,51263.67,50744.07,-519.5999999999985,0
2024-02-23,50744.07,51574.61,830.5400000000009,1
2024-02-24,51574.61,51727.63,153.0199999999968,1
2024-02-25,51727.63,54518.58,2790.9500000000044,1
2024-02-26,54518.58,57071.6,2553.019999999997,1
2024-02-27,57071.6,62507.1,5435.5,1
2024-02-28,62507.1,61179.58,-1327.5199999999968,0
2024-02-29,61179.58,62431.25,1251.6699999999983,1
2024-03-01,62431.25,62038.39,-392.8600000000006,0
2024-03-02,62038.39,63149.43,1111.0400000000009,1
2024-03-03,63149.43,68338.64,5189.209999999999,1
2024-03-04,68338.64,63804.11,-4534.529999999999,0
2024-03-05,63804.11,66115.57,2311.4600000000064,1
2024-03-06,66115.57,66928.15,812.5799999999872,1
2024-03-07,66928.15,68269.39,1341.2400000000052,1
2024-03-08,68269.39,68446.32,176.93000000000757,1
2024-03-09,68446.32,69023.53,577.2099999999919,1
2024-03-10,69023.53,72095.86,3072.3300000000017,1
2024-03-11,72095.86,71449.5,-646.3600000000006,0
2024-03-12,71449.5,73118.09,1668.5899999999965,1
2024-03-13,73118.09,71366.96,-1751.12999999999,0
2024-03-14,71366.96,69497.39,-1869.570000000007,0
2024-03-15,69497.39,65260.55,-4236.8399999999965,0
2024-03-16,65260.55,68364.45,3103.899999999994,1
2024-03-17,68364.45,67609.44,-755.0099999999948,0
2024-03-18,67609.44,61924.02,-5685.4200000000055,0
2024-03-19,61924.02,67857.3,5933.280000000006,1
2024-03-20,67857.3,65493.22,-2364.0800000000017,0
2024-03-21,65493.22,63816.99,-1676.2300000000032,0
2024-03-22,63816.99,64004.42,187.4300000000003,1
2024-03-23,64004.42,67208.33,3203.9100000000035,1
2024-03-24,67208.33,69892.26,2683.929999999993,1
2024-03-25,69892.26,69990.22,97.9600000000064,1
2024-03-26,69990.22,69434.46,-555.7599999999948,0
2024-03-27,69434.46,70789.57,1355.1100000000006,1
2024-03-28,70789.57,69903.72,-885.8500000000058,0
2024-03-29,69903.72,69629.99,-273.7299999999959,0
2024-03-30,69629.99,71312.91,1682.9199999999983,1
2024-03-31,71312.91,69686.37,-1626.5400000000081,0
2024-04-01,69686.37,65466.81,-4219.559999999998,0
2024-04-02,65466.81,65986.11,519.3000000000029,1
2024-04-03,65986.11,68523.79,2537.679999999993,1
2024-04-04,68523.79,67860.53,-663.2599999999948,0
2024-04-05,67860.53,68913.79,1053.2599999999948,1
2024-04-06,68913.79,69357.32,443.5300000000134,1
2024-04-07,69357.32,71629.36,2272.0399999999936,1
2024-04-08,71629.36,69129.48,-2499.8800000000047,0
2024-04-09,69129.48,70628.54,1499.0599999999977,1
2024-04-10,70628.54,70026.43,-602.1100000000006,0
2024-04-11,70026.43,67158.3,-2868.12999999999,0
2024-04-12,67158.3,64021.36,-3136.9400000000023,0
2024-04-13,64021.36,65765.64,1744.2799999999988,1
2024-04-14,65765.64,63447.27,-2318.3700000000026,0
2024-04-15,63447.27,63824.7,377.4300000000003,1
2024-04-16,63824.7,61283.74,-2540.959999999999,0
2024-04-17,61283.74,63511.2,2227.459999999999,1
2024-04-18,63511.2,63848.26,337.06000000000495,1
2024-04-19,63848.26,64979.21,1130.949999999997,1
2024-04-20,64979.21,64955.82,-23.389999999999418,0
2024-04-21,64955.82,66854.24,1898.4200000000055,1
2024-04-22,66854.24,66415.06,-439.18000000000757,0
2024-04-23,66415.06,64263.95,-2151.1100000000006,0
2024-04-24,64263.95,64488.49,224.54000000000087,1
2024-04-25,64488.49,63750.63,-737.8600000000006,0
2024-04-26,63750.63,63434.44,-316.18999999999505,0
2024-04-27,63434.44,63111.34,-323.1000000000058,0
2024-04-28,63111.34,63847.54,736.2000000000044,1
2024-04-29,63847.54,60633.97,-3213.5699999999997,0
2024-04-30,60633.97,58277.44,-2356.529999999999,0
2024-05-01,58277.44,59083.85,806.4099999999962,1
2024-05-02,59083.85,62917.45,3833.5999999999985,1
2024-05-03,62917.45,63904.51,987.060000000005,1
2024-05-04,63904.51,64037.5,132.98999999999796,1
2024-05-05,64037.5,63168.44,-869.0599999999977,0
2024-05-06,63168.44,62323.36,-845.0800000000017,0
2024-05-07,62323.36,61179.81,-1143.550000000003,0
2024-05-08,61179.81,63077.18,1897.3700000000026,1
2024-05-09,63077.18,60790.82,-2286.3600000000006,0
2024-05-10,60790.82,60823.19,32.37000000000262,1
2024-05-11,60823.19,61459.22,636.0299999999988,1
2024-05-12,61459.22,62932.29,1473.0699999999997,1
2024-05-13,62932.29,61548.48,-1383.8099999999977,0
2024-05-14,61548.48,66245.16,4696.68,1
2024-05-15,66245.16,65250.53,-994.6300000000047,0
2024-05-16,65250.53,67051.35,1800.820000000007,1
2024-05-17,67051.35,66927.56,-123.79000000000815,0
2024-05-18,66927.56,66268.25,-659.3099999999977,0
2024-05-19,66268.25,71430.23,5161.979999999996,1
2024-05-20,71430.23,70141.17,-1289.0599999999977,0
2024-05-21,70141.17,69123.56,-1017.6100000000006,0
2024-05-22,69123.56,67946.35,-1177.2099999999919,0
2024-05-23,67946.35,68548.33,601.9799999999959,1
2024-05-24,68548.33,69288.95,740.6199999999953,1
2024-05-25,69288.95,68488.29,-800.6600000000035,0
2024-05-26,68488.29,69386.83,898.5400000000081,1
2024-05-27,69386.83,68330.84,-1055.9900000000052,0
2024-05-28,68330.84,67576.81,-754.0299999999988,0
2024-05-29,67576.81,68346.19,769.3800000000047,1
2024-05-30,68346.19,67482.25,-863.9400000000023,0
2024-05-31,67482.25,67721.6,239.35000000000582,1
2024-06-01,67721.6,67738.74,17.139999999999418,1
2024-06-02,67738.74,68799.6,1060.8600000000006,1
2024-06-03,68799.6,70548.51,1748.909999999989,1
2024-06-04,70548.51,71117.68,569.1699999999983,1
2024-06-05,71117.68,70772.35,-345.3299999999872,0
2024-06-06,70772.35,69330.51,-1441.840000000011,0
2024-06-07,69330.51,69303.58,-26.929999999993015,0
2024-06-08,69303.58,69639.42,335.8399999999965,1
2024-06-09,69639.42,69505.57,-133.84999999999127,0
2024-06-10,69505.57,67319.41,-2186.1600000000035,0
2024-06-11,67319.41,68247.0,927.5899999999965,1
2024-06-12,68247.0,66742.54,-1504.4600000000064,0
2024-06-13,66742.54,66006.13,-736.4099999999889,0
2024-06-14,66006.13,66188.81,182.67999999999302,1
2024-06-15,66188.81,66631.59,442.77999999999884,1
2024-06-16,66631.59,66481.73,-149.86000000000058,0
2024-06-17,66481.73,65158.02,-1323.7099999999991,0
2024-06-18,65158.02,64950.82,-207.1999999999971,0
2024-06-19,64950.82,64847.89,-102.93000000000029,0
2024-06-20,64847.89,64119.34,-728.5500000000029,0
2024-06-21,64119.34,64250.18,130.84000000000378,1
2024-06-22,64250.18,63181.02,-1069.1600000000035,0
2024-06-23,63181.02,60270.95,-2910.0699999999997,0
2024-06-24,60270.95,61796.56,1525.6100000000006,1
2024-06-25,61796.56,60824.43,-972.1299999999974,0
2024-06-26,60824.43,61630.1,805.6699999999983,1
2024-06-27,61630.1,60324.3,-1305.7999999999956,0
2024-06-28,60324.3,60905.3,581.0,1
2024-06-29,60905.3,62685.88,1780.5799999999945,1
2024-06-30,62685.88,62841.27,155.38999999999942,1
2024-07-01,62841.27,62044.48,-796.7899999999936,0
2024-07-02,62044.48,60157.2,-1887.280000000006,0
2024-07-03,60157.2,57041.11,-3116.0899999999965,0
2024-07-04,57041.11,56646.24,-394.8700000000026,0
2024-07-05,56646.24,58255.65,1609.4100000000035,1
2024-07-06,58255.65,55866.6,-2389.050000000003,0
2024-07-07,55866.6,56709.76,843.1600000000035,1
2024-07-08,56709.76,58047.2,1337.439999999995,1
2024-07-09,58047.2,57725.78,-321.41999999999825,0
2024-07-10,57725.78,57348.75,-377.02999999999884,0
2024-07-11,57348.75,57913.68,564.9300000000003,1
2024-07-12,57913.68,59231.06,1317.3799999999974,1
2024-07-13,59231.06,60818.77,1587.7099999999991,1
2024-07-14,60818.77,64765.55,3946.780000000006,1
2024-07-15,64765.55,65087.61,322.0599999999977,1
2024-07-16,65087.61,64096.64,-990.9700000000012,0
2024-07-17,64096.64,63981.43,-115.20999999999913,0
2024-07-18,63981.43,66708.49,2727.060000000005,1
2024-07-19,66708.49,67163.86,455.36999999999534,1
2024-07-20,67163.86,68176.98,1013.1199999999953,1
2024-07-21,68176.98,67567.71,-609.2699999999895,0
2024-07-22,67567.71,65939.83,-1627.8800000000047,0
2024-07-23,65939.83,65375.53,-564.3000000000029,0
2024-07-24,65375.53,65794.0,418.47000000000116,1
2024-07-25,65794.0,67925.17,2131.1699999999983,1
2024-07-26,67925.17,67904.55,-20.619999999995343,0
2024-07-27,67904.55,68252.75,348.1999999999971,1
2024-07-28,68252.75,66782.78,-1469.9700000000012,0
2024-07-29,66782.78,66180.04,-602.7400000000052,0
2024-07-30,66180.04,64617.83,-1562.2099999999919,0
2024-07-31,64617.83,65300.21,682.3799999999974,1
2024-08-01,65300.21,61422.3,-3877.909999999996,0
2024-08-02,61422.3,60679.28,-743.0200000000041,0
2024-08-03,60679.28,58135.89,-2543.3899999999994,0
2024-08-04,58135.89,54031.82,-4104.07,0
2024-08-05,54031.82,56057.67,2025.8499999999985,1
2024-08-06,56057.67,55130.45,-927.2200000000012,0
2024-08-07,55130.45,61708.53,6578.080000000002,1
2024-08-08,61708.53,60868.88,-839.6500000000015,0
2024-08-09,60868.88,60940.82,71.94000000000233,1
2024-08-10,60940.82,58725.0,-2215.8199999999997,0
2024-08-11,58725.0,59360.89,635.8899999999994,1
2024-08-12,59360.89,60609.73,1248.8400000000038,1
2024-08-13,60609.73,58698.05,-1911.6800000000003,0
2024-08-14,58698.05,57552.92,-1145.1300000000047,0
2024-08-15,57552.92,58893.67,1340.75,1
2024-08-16,58893.67,59497.94,604.2700000000041,1
2024-08-17,59497.94,58439.22,-1058.7200000000012,0
2024-08-18,58439.22,59464.41,1025.1900000000023,1
2024-08-19,59464.41,59027.55,-436.8600000000006,0
2024-08-20,59027.55,61170.8,2143.25,1
2024-08-21,61170.8,60387.29,-783.510000000002,0
2024-08-22,60387.29,64087.8,3700.510000000002,1
2024-08-23,64087.8,64180.77,92.96999999999389,1
2024-08-24,64180.77,64264.62,83.85000000000582,1
2024-08-25,64264.62,62850.27,-1414.3500000000058,0
2024-08-26,62850.27,59441.73,-3408.5399999999936,0
2024-08-27,59441.73,59043.5,-398.2300000000032,0
2024-08-28,59043.5,59369.85,326.34999999999854,1
2024-08-29,59369.85,59129.05,-240.79999999999563,0
2024-08-30,59129.05,58989.17,-139.88000000000466,0
2024-08-31,58989.17,57313.44,-1675.729999999996,0
2024-09-01,57313.44,59147.8,1834.3600000000006,1
2024-09-02,59147.8,57481.84,-1665.9600000000064,0
2024-09-03,57481.84,57975.52,493.6800000000003,1
2024-09-04,57975.52,56167.4,-1808.1199999999953,0
2024-09-05,56167.4,53954.33,-2213.0699999999997,0
2024-09-06,53954.33,54167.82,213.48999999999796,1
2024-09-07,54167.82,54879.33,711.510000000002,1
2024-09-08,54879.33,57056.31,2176.979999999996,1
2024-09-09,57056.31,57642.43,586.1200000000026,1
2024-09-10,57642.43,57354.27,-288.1600000000035,0
2024-09-11,57354.27,58140.61,786.3400000000038,1
2024-09-12,58140.61,60548.12,2407.510000000002,1
2024-09-13,60548.12,60013.26,-534.8600000000006,0
2024-09-14,60013.26,59139.21,-874.0500000000029,0
2024-09-15,59139.21,58210.01,-929.1999999999971,0
2024-09-16,58210.01,60321.59,2111.5799999999945,1
2024-09-17,60321.59,61775.68,1454.0900000000038,1
2024-09-18,61775.68,62963.41,1187.7300000000032,1
2024-09-19,62963.41,63211.47,248.05999999999767,1
2024-09-20,63211.47,63363.17,151.6999999999971,1
2024-09-21,63363.17,63587.45,224.27999999999884,1
2024-09-22,63587.45,63341.97,-245.47999999999593,0
2024-09-23,63341.97,64276.65,934.6800000000003,1
2024-09-24,64276.65,63144.83,-1131.8199999999997,0
2024-09-25,63144.83,65183.68,2038.8499999999985,1
2024-09-26,65183.68,65790.28,606.5999999999985,1
2024-09-27,65790.28,65868.67,78.38999999999942,1
2024-09-28,65868.67,65611.98,-256.6900000000023,0
2024-09-29,65611.98,63314.81,-2297.1699999999983,0
2024-09-30,63314.81,60790.06,-2524.75,0
2024-10-01,60790.06,60641.8,-148.25999999999476,0
2024-10-02,60641.8,60746.35,104.54999999999563,1
2024-10-03,60746.35,62094.06,1347.7099999999991,1
2024-10-04,62094.06,62059.19,-34.86999999999534,0
2024-10-05,62059.19,62821.76,762.5699999999997,1
2024-10-06,62821.76,62209.84,-611.9200000000055,0
2024-10-07,62209.84,62129.17,-80.66999999999825,0
2024-10-08,62129.17,60585.22,-1543.949999999997,0
2024-10-09,60585.22,60280.38,-304.8400000000038,0
2024-10-10,60280.38,62517.42,2237.040000000001,1
2024-10-11,62517.42,63197.03,679.6100000000006,1
2024-10-12,63197.03,62854.48,-342.54999999999563,0
2024-10-13,62854.48,66068.25,3213.769999999997,1
2024-10-14,66068.25,67064.69,996.4400000000023,1
2024-10-15,67064.69,67614.71,550.0200000000041,1
2024-10-16,67614.71,67408.87,-205.84000000001106,0
2024-10-17,67408.87,68425.63,1016.7600000000093,1
2024-10-18,68425.63,68370.04,-55.59000000001106,0
2024-10-19,68370.04,69020.94,650.9000000000087,1
2024-10-20,69020.94,67358.14,-1662.800000000003,0
2024-10-21,67358.14,67390.32,32.18000000000757,1
2024-10-22,67390.32,66612.97,-777.3500000000058,0
2024-10-23,66612.97,68163.56,1550.5899999999965,1
2024-10-24,68163.56,66577.77,-1585.7899999999936,0
2024-10-25,66577.77,67014.72,436.9499999999971,1
2024-10-26,67014.72,67945.14,930.4199999999983,1
2024-10-27,67945.14,69925.83,1980.6900000000023,1
2024-10-28,69925.83,72723.67,2797.8399999999965,1
2024-10-29,72723.67,72331.96,-391.70999999999185,0
2024-10-30,72331.96,70207.54,-2124.420000000013,0
2024-10-31,70207.54,69473.41,-734.1299999999901,0
2024-11-01,69473.41,69354.01,-119.40000000000873,0
2024-11-02,69354.01,68747.04,-606.9700000000012,0
2024-11-03,68747.04,67811.95,-935.0899999999965,0
2024-11-04,67811.95,69378.09,1566.1399999999994,1
2024-11-05,69378.09,75643.57,6265.4800000000105,1
2024-11-06,75643.57,75922.41,278.8399999999965,1
2024-11-07,75922.41,76562.31,639.8999999999942,1
2024-11-08,76562.31,76716.41,154.10000000000582,1
2024-11-09,76716.41,80429.43,3713.0199999999895,1
2024-11-10,80429.43,88758.31,8328.880000000005,1
2024-11-11,88758.31,88040.54,-717.7700000000041,0
2024-11-12,88040.54,90498.51,2457.970000000001,1
2024-11-13,90498.51,87334.19,-3164.3199999999924,0
2024-11-14,87334.19,91058.92,3724.729999999996,1
2024-11-15,91058.92,90630.94,-427.9799999999959,0
2024-11-16,90630.94,89877.16,-753.7799999999988,0
2024-11-17,89877.16,90514.83,637.6699999999983,1
2024-11-18,90514.83,92418.48,1903.6499999999942,1
2024-11-19,92418.48,94379.92,1961.4400000000023,1
2024-11-20,94379.92,98436.25,4056.3300000000017,1
2024-11-21,98436.25,99010.89,574.6399999999994,1
2024-11-22,99010.89,97765.04,-1245.8500000000058,0
2024-11-23,97765.04,98018.2,253.1600000000035,1
2024-11-24,98018.2,93019.38,-4998.819999999992,0
2024-11-25,93019.38,91903.89,-1115.4900000000052,0
2024-11-26,91903.89,95957.51,4053.6199999999953,1
2024-11-27,95957.51,95670.41,-287.09999999999127,0
2024-11-28,95670.41,97510.92,1840.5099999999948,1
2024-11-29,97510.92,96473.51,-1037.4100000000035,0
2024-11-30,96473.51,97276.47,802.9600000000064,1
2024-12-01,97276.47,95859.75,-1416.7200000000012,0
2024-12-02,95859.75,95928.37,68.61999999999534,1
2024-12-03,95928.37,98751.87,2823.5,1
2024-12-04,98751.87,97053.82,-1698.0499999999884,0
2024-12-05,97053.82,99897.97,2844.149999999994,1
2024-12-06,99897.97,99926.38,28.410000000003492,1
2024-12-07,99926.38,101189.81,1263.429999999993,1
2024-12-08,101189.81,97338.34,-3851.470000000001,0
2024-12-09,97338.34,96657.88,-680.4599999999919,0
2024-12-10,96657.88,101203.07,4545.190000000002,1
2024-12-11,101203.07,100041.98,-1161.090000000011,0
2024-12-12,100041.98,101429.78,1387.800000000003,1
2024-12-13,101429.78,101402.95,-26.830000000001746,0
2024-12-14,101402.95,104424.54,3021.5899999999965,1
2024-12-15,104424.54,106089.2,1664.6600000000035,1
2024-12-16,106089.2,106140.14,50.94000000000233,1
2024-12-17,106140.14,100147.26,-5992.880000000005,0
2024-12-18,100147.26,97381.1,-2766.159999999989,0
2024-12-19,97381.1,97769.49,388.3899999999994,1
2024-12-20,97769.49,97223.39,-546.1000000000058,0
2024-12-21,97223.39,95098.66,-2124.729999999996,0
2024-12-22,95098.66,94771.64,-327.0200000000041,0
2024-12-23,94771.64,98606.93,3835.2899999999936,1
2024-12-24,98606.93,99356.06,749.1300000000047,1
2024-12-25,99356.06,95680.19,-3675.8699999999953,0
2024-12-26,95680.19,94170.09,-1510.1000000000058,0
2024-12-27,94170.09,95140.15,970.0599999999977,1
2024-12-28,95140.15,93564.85,-1575.2999999999884,0
2024-12-29,93564.85,92646.21,-918.6399999999994,0
2024-12-30,92646.21,93391.98,745.7699999999895,1
2024-12-31,93391.98,94392.51,1000.5299999999988,1
2025-01-01,94392.51,96900.96,2508.4500000000116,1
2025-01-02,96900.96,98135.8,1234.8399999999965,1
2025-01-03,98135.8,98213.69,77.88999999999942,1
2025-01-04,98213.69,98346.97,133.27999999999884,1
2025-01-05,98346.97,102282.2,3935.229999999996,1
2025-01-06,102282.2,96942.47,-5339.729999999996,0
2025-01-07,96942.47,95051.06,-1891.4100000000035,0
2025-01-08,95051.06,92548.12,-2502.9400000000023,0
2025-01-09,92548.12,94710.29,2162.1699999999983,1
2025-01-10,94710.29,94569.95,-140.3399999999965,0
2025-01-11,94569.95,94505.67,-64.27999999999884,0
2025-01-12,94505.67,94517.66,11.990000000005239,1
2025-01-13,94517.66,96526.87,2009.2099999999919,1
2025-01-14,96526.87,100510.84,3983.970000000001,1
2025-01-15,100510.84,99979.43,-531.4100000000035,0
2025-01-16,99979.43,104111.13,4131.700000000012,1
2025-01-17,104111.13,104431.52,320.3899999999994,1
2025-01-18,104431.52,101212.56,-3218.9600000000064,0
2025-01-19,101212.56,102148.74,936.1800000000076,1
2025-01-20,102148.74,106155.61,4006.8699999999953,1
2025-01-21,106155.61,103669.08,-2486.529999999999,0
2025-01-22,103669.08,103933.88,264.8000000000029,1
2025-01-23,103933.88,104854.78,920.8999999999942,1
2025-01-24,104854.78,104733.15,-121.63000000000466,0
2025-01-25,104733.15,102576.93,-2156.220000000001,0
2025-01-26,102576.93,102065.72,-511.20999999999185,0
2025-01-27,102065.72,101284.47,-781.25,0
2025-01-28,101284.47,103742.97,2458.5,1
2025-01-29,103742.97,104739.58,996.6100000000006,1
2025-01-30,104739.58,102412.41,-2327.1699999999983,0
2025-01-31,102412.41,100619.87,-1792.5400000000081,0
2025-02-01,100619.87,97665.06,-2954.8099999999977,0
2025-02-02,97665.06,101451.28,3786.220000000001,1
2025-02-03,101451.28,97794.88,-3656.399999999994,0
2025-02-04,97794.88,96633.71,-1161.1699999999983,0
2025-02-05,96633.71,96564.27,-69.44000000000233,0
2025-02-06,96564.27,96532.73,-31.54000000000815,0
2025-02-07,96532.73,96475.59,-57.13999999999942,0
2025-02-08,96475.59,96485.6,10.010000000009313,1
2025-02-09,96485.6,97458.59,972.9899999999907,1
2025-02-10,97458.59,95781.05,-1677.5399999999936,0
2025-02-11,95781.05,97874.61,2093.5599999999977,1
2025-02-12,97874.61,96632.78,-1241.8300000000017,0
2025-02-13,96632.78,97508.71,875.9300000000076,1
2025-02-14,97508.71,97596.21,87.5,1
2025-02-15,97596.21,96132.69,-1463.520000000004,0
2025-02-16,96132.69,95790.31,-342.38000000000466,0
2025-02-17,95790.31,95630.67,-159.63999999999942,0
2025-02-18,95630.67,96640.99,1010.320000000007,1
2025-02-19,96640.99,98345.66,1704.6699999999983,1
2025-02-20,98345.66,96150.27,-2195.3899999999994,0
2025-02-21,96150.27,96580.46,430.1900000000023,1
2025-02-22,96580.46,96274.12,-306.34000000001106,0
2025-02-23,96274.12,91536.97,-4737.149999999994,0
2025-02-24,91536.97,88609.26,-2927.7100000000064,0
2025-02-25,88609.26,84128.38,-4480.87999999999,0
2025-02-26,84128.38,84657.34,528.9599999999919,1
2025-02-27,84657.34,84322.57,-334.7699999999895,0
2025-02-28,84322.57,86050.58,1728.0099999999948,1
2025-03-01,86050.58,94275.76,8225.179999999993,1
2025-03-02,94275.76,86158.95,-8116.809999999998,0
2025-03-03,86158.95,87255.42,1096.4700000000012,1
2025-03-04,87255.42,90610.8,3355.3800000000047,1
2025-03-05,90610.8,89931.91,-678.8899999999994,0
2025-03-06,89931.91,86766.61,-3165.300000000003,0
2025-03-07,86766.61,86225.0,-541.6100000000006,0
2025-03-08,86225.0,80719.05,-5505.949999999997,0
2025-03-09,80719.05,78561.62,-2157.4300000000076,0
2025-03-10,78561.62,82919.47,4357.850000000006,1
2025-03-11,82919.47,83665.14,745.6699999999983,1
2025-03-12,83665.14,81081.43,-2583.7100000000064,0
2025-03-13,81081.43,83995.47,2914.040000000008,1
2025-03-14,83995.47,84355.92,360.4499999999971,1
2025-03-15,84355.92,82572.37,-1783.550000000003,0
2025-03-16,82572.37,84025.12,1452.75,1
2025-03-17,84025.12,82716.74,-1308.37999999999,0
2025-03-18,82716.74,86878.5,4161.759999999995,1
2025-03-19,86878.5,84178.31,-2700.1900000000023,0
2025-03-20,84178.31,84060.48,-117.83000000000175,0
2025-03-21,84060.48,83837.39,-223.0899999999965,0
2025-03-22,83837.39,86091.67,2254.279999999999,1
2025-03-23,86091.67,87520.48,1428.8099999999977,1
2025-03-24,87520.48,87439.7,-80.77999999999884,0
2025-03-25,87439.7,86923.95,-515.75,0
2025-03-26,86923.95,87218.89,294.9400000000023,1
2025-03-27,87218.89,84387.01,-2831.8800000000047,0
2025-03-28,84387.01,82625.65,-1761.3600000000006,0
2025-03-29,82625.65,82379.51,-246.13999999999942,0
2025-03-30,82379.51,82539.52,160.0100000000093,1
2025-03-31,82539.52,85174.96,2635.4400000000023,1
2025-04-01,85174.96,82490.58,-2684.3800000000047,0
2025-04-02,82490.58,83158.8,668.2200000000012,1
2025-04-03,83158.8,83860.21,701.4100000000035,1
2025-04-04,83860.21,83503.37,-356.84000000001106,0
2025-04-05,83503.37,78365.57,-5137.799999999988,0
2025-04-06,78365.57,79143.06,777.4899999999907,1
2025-04-07,79143.06,76255.1,-2887.959999999992,0
2025-04-08,76255.1,82587.03,6331.929999999993,1
2025-04-09,82587.03,79554.96,-3032.0699999999924,0
2025-04-10,79554.96,83386.0,3831.0399999999936,1
2025-04-11,83386.0,85272.12,1886.1199999999953,1
2025-04-12,85272.12,83730.92,-1541.199999999997,0
2025-04-13,83730.92,84575.75,844.8300000000017,1
2025-04-14,84575.75,83638.17,-937.5800000000017,0
2025-04-15,83638.17,84029.4,391.2299999999959,1
2025-04-16,84029.4,84943.42,914.0200000000041,1
2025-04-17,84943.42,84459.96,-483.45999999999185,0
2025-04-18,84459.96,85061.54,601.5799999999872,1
2025-04-19,85061.54,85167.14,105.60000000000582,1
2025-04-20,85167.14,87515.57,2348.4300000000076,1
2025-04-21,87515.57,93483.3,5967.729999999996,1
2025-04-22,93483.3,93729.23,245.92999999999302,1
2025-04-23,93729.23,94022.48,293.25,1
2025-04-24,94022.48,94711.24,688.7600000000093,1
2025-04-25,94711.24,94663.66,-47.580000000001746,0
2025-04-26,94663.66,93777.44,-886.2200000000012,0
2025-04-27,93777.44,95035.06,1257.6199999999953,1
2025-04-28,95035.06,94274.16,-760.8999999999942,0
2025-04-29,94274.16,94186.14,-88.02000000000407,0
2025-04-30,94186.14,96519.31,2333.1699999999983,1
2025-05-01,96519.31,96925.07,405.7600000000093,1
2025-05-02,96925.07,95903.14,-1021.9300000000076,0
2025-05-03,95903.14,94394.09,-1509.050000000003,0
2025-05-04,94394.09,94767.95,373.8600000000006,1
2025-05-05,94767.95,96835.87,2067.9199999999983,1
2025-05-06,96835.87,97052.27,216.40000000000873,1
2025-05-07,97052.27,103259.0,6206.729999999996,1
2025-05-08,103259.0,102982.3,-276.6999999999971,0
2025-05-09,102982.3,104814.08,1831.7799999999988,1
2025-05-10,104814.08,104124.02,-690.0599999999977,0
2025-05-11,104124.02,102802.44,-1321.5800000000017,0
2025-05-12,102802.44,104136.59,1334.1499999999942,1
2025-05-13,104136.59,103543.76,-592.8300000000017,0
2025-05-14,103543.76,103787.64,243.88000000000466,1
2025-05-15,103787.64,103636.17,-151.47000000000116,0
2025-05-16,103499.6,103197.26,-302.34000000001106,0
2025-05-17,103159.32,105904.88,2745.5599999999977,1
2025-05-18,106488.62,105503.42,-985.1999999999971,0
2025-05-19,105618.19,107026.69,1408.5,1
2025-05-20,106875.88,109783.02,2907.1399999999994,1
2025-05-21,109699.86,111290.65,1590.7899999999936,1
2025-05-22,111722.11,107463.24,-4258.869999999995,0
2025-05-23,107332.91,107779.46,446.5500000000029,1
2025-05-24,107779.46,109041.44,1261.979999999996,1
2025-05-25,109041.44,109461.24,419.8000000000029,1
2025-05-26,109461.24,108975.95,-485.29000000000815,0
2025-05-27,108975.95,107821.11,-1154.8399999999965,0
2025-05-28,107821.11,105586.78,-2234.3300000000017,0
2025-05-29,105586.78,104039.27,-1547.5099999999948,0
2025-05-30,104039.27,104654.65,615.3799999999901,1
2025-05-31,104654.65,105552.71,898.0600000000122,1
2025-06-01,105702.19,105756.64,54.44999999999709,1
2025-06-02,105908.79,105761.22,-147.56999999999243,0
2025-06-03,105447.66,104852.29,-595.3700000000099,0
2025-06-04,104746.0,101605.12,-3140.8800000000047,0
2025-06-05,101663.64,104566.13,2902.4900000000052,1
2025-06-06,104392.54,105866.47,1473.9300000000076,1
2025-06-07,105625.23,105769.33,144.10000000000582,1
2025-06-08,105779.28,110191.2,4411.919999999998,1
2025-06-09,110302.12,109752.87,-549.25,0
2025-06-10,110296.2,108390.27,-1905.929999999993,0
2025-06-11,108676.78,105990.42,-2686.3600000000006,0
2025-06-12,105726.04,105840.52,114.48000000001048,1
2025-06-13,106121.08,105468.65,-652.4300000000076,0
2025-06-14,105496.2,105320.21,-175.9899999999907,0
2025-06-15,105625.23,107778.07,2152.840000000011,1
2025-06-16,106855.39,104308.61,-2546.779999999999,0
2025-06-17,104598.68,104861.64,262.9600000000064,1
2025-06-18,104927.87,104616.16,-311.70999999999185,0
2025-06-19,104699.72,103125.25,-1574.4700000000012,0
2025-06-20,103313.31,101881.86,-1431.449999999997,0
2025-06-21,102165.68,101004.8,-1160.87999999999,0
2025-06-22,101015.42,105665.75,4650.330000000002,1
2025-06-23,105423.73,106078.25,654.5200000000041,1
2025-06-24,106133.25,107319.96,1186.7100000000064,1
2025-06-25,107399.88,107038.79,-361.09000000001106,0
2025-06-26,107012.17,107163.86,151.69000000000233,1
2025-06-27,107105.16,107346.44,241.27999999999884,1
2025-06-28,107346.44,108193.92,847.4799999999959,1
2025-06-29,108391.87,107147.75,-1244.1199999999953,0
2025-06-30,107169.82,105658.42,-1511.4000000000087,0
2025-07-01,105724.18,109212.23,3488.050000000003,1
2025-07-02,108886.62,109638.97,752.3500000000058,1
2025-07-03,109638.97,108284.57,-1354.3999999999942,0
2025-07-04,108027.71,108233.17,205.45999999999185,1
2025-07-05,108244.51,109265.01,1020.5,1
2025-07-06,109233.93,108031.2,-1202.729999999996,0
2025-07-07,108277.16,108947.7,670.5399999999936,1
2025-07-08,108955.05,111439.78,2484.729999999996,1
2025-07-09,111291.7,116033.08,4741.380000000005,1
2025-07-10,116023.34,117654.72,1631.3800000000047,1
2025-07-11,117573.92,117445.33,-128.5899999999965,0
2025-07-12,117468.16,118564.41,1096.25,1
2025-07-13,119127.66,120054.8,927.1399999999994,1
2025-07-14,119869.01,117937.81,-1931.199999999997,0
2025-07-15,117777.9,118738.89,960.9900000000052,1
2025-07-16,118700.37,119767.37,1067.0,1
2025-07-17,119282.74,117766.67,-1516.070000000007,0
2025-07-18,118025.92,117855.89,-170.02999999999884,0
2025-07-19,117913.27,117445.53,-467.74000000000524,0
2025-07-20,117328.61,117436.32,107.7100000000064,1
2025-07-21,117441.75,119896.43,2454.679999999993,1
2025-07-22,120023.5,118650.81,-1372.6900000000023,0
2025-07-23,118808.78,118346.54,-462.24000000000524,0
2025-07-24,118397.33,117313.49,-1083.8399999999965,0
2025-07-25,117644.11,118086.64,442.52999999999884,1
2025-07-26,117971.27,119567.75,1596.479999999996,1
2025-07-27,119468.71,117911.88,-1556.8300000000017,0
2025-07-28,118059.92,117829.47,-230.4499999999971,0
2025-07-29,117942.11,117507.48,-434.63000000000466,0
2025-07-30,117853.3,116009.4,-1843.9000000000087,0
2025-07-31,115765.36,113157.31,-2608.050000000003,0
2025-08-01,113263.48,112809.29,-454.1900000000023,0
2025-08-02,112546.32,114327.95,1781.62999999999,1
2025-08-03,114238.83,115350.22,1111.3899999999994,1
2025-08-04,115065.9,113956.15,-1109.75,0
2025-08-05,114127.63,115133.64,1006.0099999999948,1
2025-08-06,115038.45,117620.75,2582.300000000003,1
2025-08-07,117522.28,116905.18,-617.1000000000058,0
2025-08-08,116692.86,116540.77,-152.0899999999965,0
2025-08-09,116501.28,119243.24,2741.9600000000064,1
2025-08-10,119311.7,118827.38,-484.31999999999243,0
2025-08-11,118714.58,120062.2,1347.6199999999953,1
2025-08-12,120128.24,123069.84,2941.5999999999913,1
2025-08-13,123374.56,118369.48,-5005.080000000002,0
2025-08-14,118391.59,117834.44,-557.1499999999942,0
2025-08-15,117440.09,117547.01,106.91999999999825,1
2025-08-16,117469.52,118031.91,562.3899999999994,1
2025-08-17,117488.0,116476.51,-1011.4900000000052,0
2025-08-18,116292.15,113187.03,-3105.1199999999953,0
2025-08-19,112870.67,114597.44,1726.770000000004,1
2025-08-20,114291.37,112446.59,-1844.7799999999988,0
2025-08-21,112491.84,116770.47,4278.630000000005,1
2025-08-22,116909.79,115286.16,-1623.62999999999,0
2025-08-23,115391.76,113448.77,-1942.9899999999907,0
2025-08-24,113486.67,110160.19,-3326.479999999996,0
2025-08-25,110150.15,111976.6,1826.4500000000116,1
2025-08-26,111805.93,111406.49,-399.4399999999878,0
2025-08-27,111276.98,112359.28,1082.300000000003,1
2025-08-28,112582.21,108463.19,-4119.020000000004,0
2025-08-29,108393.15,108556.36,163.2100000000064,1
2025-08-30,108833.53,108892.95,59.419999999998254,1
2025-08-31,108273.72,108508.88,235.1600000000035,1
2025-09-01,109256.28,111259.11,2002.8300000000017,1
2025-09-02,111245.94,112025.38,779.4400000000023,1
2025-09-03,111751.51,111746.71,-4.7999999999883585,0
2025-09-04,110732.33,110825.39,93.05999999999767,1
2025-09-05,110676.99,110204.41,-472.58000000000175,0
2025-09-06,110230.16,111287.41,1057.25,1
2025-09-07,111143.24,112268.79,1125.5499999999884,1
2025-09-08,112089.06,111533.26,-555.8000000000029,0
2025-09-09,111549.14,113964.47,2415.3300000000017,1
2025-09-10,113988.2,115228.54,1240.3399999999965,1
2025-09-11,115537.84,116094.85,557.0100000000093,1
2025-09-12,116116.26,115937.41,-178.84999999999127,0
2025-09-13,115971.92,116050.75,78.83000000000175,1
2025-09-14,115351.87,115347.91,-3.959999999991851,0
2025-09-15,115401.06,116924.83,1523.770000000004,1
2025-09-16,116838.31,116838.58,0.27000000000407454,1
2025-09-17,116488.17,116955.18,467.00999999999476,1
2025-09-18,117126.46,115687.21,-1439.25,0
2025-09-19,115701.97,115852.66,150.69000000000233,1
2025-09-20,115756.07,115591.44,-164.63000000000466,0
2025-09-21,115299.83,112756.44,-2543.3899999999994,0
2025-09-22,112747.85,112209.72,-538.1300000000047,0
2025-09-23,112043.66,113417.18,1373.5199999999895,1
2025-09-24,113360.69,109493.08,-3867.6100000000006,0
2025-09-25,109061.11,109627.43,566.3199999999924,1
2025-09-26,109723.94,109687.81,-36.13000000000466,0
2025-09-27,109727.42,112163.04,2435.6199999999953,1
2025-09-28,112226.65,114261.34,2034.6900000000023,1
2025-09-29,114407.08,113952.27,-454.8099999999977,0
2025-09-30,114078.18,117823.02,3744.840000000011,1
2025-10-01,118666.73,120413.41,1746.6800000000076,1
2025-10-02,120630.71,122539.51,1908.7999999999884,1
2025-10-03,122318.86,122345.45,26.589999999996508,1
2025-10-04,122455.39,123267.0,811.6100000000006,1
2025-10-05,123535.21,125099.72,1564.5099999999948,1
2025-10-06,124723.0,122072.27,-2650.729999999996,0
2025-10-07,121414.53,123257.61,1843.0800000000017,1
2025-10-08,123358.65,121747.5,-1611.1499999999942,0
2025-10-09,121713.94,113975.74,-7738.199999999997,0
2025-10-10,112998.91,111162.06,-1836.8500000000058,0
2025-10-11,110779.65,115301.72,4522.070000000007,1
2025-10-12,115084.73,115555.49,470.7600000000093,1
2025-10-13,115279.04,113266.79,-2012.25,0
2025-10-14,113097.76,110750.08,-2347.679999999993,0
2025-10-15,110819.47,107814.81,-3004.6600000000035,0
2025-10-16,108212.4,107024.33,-1188.0699999999924,0
2025-10-17,106485.41,107166.01,680.5999999999913,1
2025-10-18,107228.76,109093.72,1864.9600000000064,1
2025-10-19,108701.79,110825.69,2123.9000000000087,1
2025-10-20,110583.29,109056.0,-1527.2899999999936,0
2025-10-21,108387.11,107291.4,-1095.7100000000064,0
2025-10-22,107604.16,109988.16,2384.0,1
2025-10-23,110114.95,111055.08,940.1300000000047,1
2025-10-24,111046.29,111629.45,583.1600000000035,1
2025-10-25,111671.84,114783.62,3111.779999999999,1
2025-10-26,114559.89,114130.47,-429.41999999999825,0
2025-10-27,114115.08,113195.24,-919.8399999999965,0
2025-10-28,112930.68,111067.97,-1862.7099999999919,0
2025-10-29,110064.53,107910.05,-2154.479999999996,0
2025-10-30,108326.41,109548.6,1222.1900000000023,1
2025-10-31,109580.94,110086.03,505.0899999999965,1
2025-11-01,110104.4,110035.55,-68.84999999999127,0
2025-11-02,110564.52,106396.19,-4168.330000000002,0
2025-11-03,106580.38,101174.82,-5405.559999999998,0
2025-11-04,101493.23,103790.35,2297.12000000001,1
2025-11-05,103893.5,101223.36,-2670.1399999999994,0
2025-11-06,101302.75,103597.94,2295.1900000000023,1
2025-11-07,103301.61,102368.58,-933.0299999999988,0
2025-11-08,102304.79,104899.55,2594.7600000000093,1
2025-11-09,104721.32,105965.26,1243.9399999999878,1
2025-11-10,105988.36,102919.63,-3068.729999999996,0
2025-11-11,103033.54,101892.23,-1141.3099999999977,0
2025-11-12,101660.22,99708.87,-1951.3500000000058,0
2025-11-13,99644.14,95076.08,-4568.059999999998,0
2025-11-14,94531.81,95547.79,1015.9799999999959,1
2025-11-15,95555.28,94024.81,-1530.4700000000012,0
2025-11-16,94244.44,92166.61,-2077.8300000000017,0
2025-11-17,92141.25,93095.29,954.0399999999936,1
2025-11-18,92946.24,90527.4,-2418.840000000011,0
2025-11-19,91483.02,88067.49,-3415.529999999999,0
2025-11-20,86553.58,84237.34,-2316.2400000000052,0
2025-11-21,85087.62,84696.98,-390.6399999999994,0
2025-11-22,84696.98,84653.66,-43.31999999999243,0
2025-11-23,,,,0
